rank,player,age,team,position,games,games_started,mins_played,field_goal,field_goal_atmpts,field_goal_pct,three_pt,three_pt_atmpts,three_pt_pct,two_pt,two_pt_atmpts,two_pt_pct,effective_field_goal_pct,free_throw,free_throw_atmpts,free_throw_pct,rebounds_offensive,rebounds_defensive,rebounds_total,assists,steals,blocks,turnovers,fouls,pts
1,Izaiah Brockington,24,NOP,PG,1,0,3,24,60,0.4,0,12,0,24,48,0.5,0.4,0,0,NA,12,12,24,0,0,0,0,0,48
2,Joel Embiid,29,PHI,C,39,39,1309,12.4,23.4,0.529,1.5,3.8,0.388,10.9,19.6,0.556,0.561,11,12.4,0.883,2.6,9.2,11.8,6,1.3,1.8,4.1,3.1,37.2
3,Luka Dončić,24,DAL,PG,70,70,2624,11,22.7,0.487,3.9,10.2,0.382,7.1,12.5,0.573,0.573,6.6,8.3,0.786,0.8,8.1,8.9,9.4,1.4,0.5,3.9,2,32.5
4,Shai Gilgeous-Alexander,25,OKC,PG,75,75,2553,11.2,21,0.535,1.3,3.8,0.353,9.9,17.2,0.576,0.567,8,9.2,0.874,0.9,4.9,5.9,6.6,2.1,0.9,2.3,2.6,31.8
5,Giannis Antetokounmpo,29,MIL,PF,73,73,2567,11.7,19.2,0.611,0.5,1.7,0.274,11.3,17.5,0.645,0.624,7.2,11,0.657,2.7,9,11.8,6.7,1.2,1.1,3.5,2.9,31.2
6,Jalen Brunson,27,NYK,PG,77,77,2726,10.4,21.8,0.479,2.8,6.9,0.401,7.6,14.8,0.516,0.543,5.6,6.6,0.847,0.6,3.1,3.7,6.9,0.9,0.2,2.5,1.9,29.2
7,Luka Garza,25,MIN,C,25,0,122,10.6,22.1,0.48,2.7,9.4,0.281,8,12.7,0.628,0.54,5.3,7.4,0.72,5.6,3.5,9.1,1.2,1.2,0.3,1.8,7.1,29.2
8,Stephen Curry,35,GSW,PG,74,74,2421,9.7,21.5,0.45,5.3,13,0.408,4.4,8.5,0.515,0.573,4.4,4.8,0.923,0.6,4.4,4.9,5.6,0.8,0.4,3.1,1.7,29.1
9,Nikola Jokić,28,DEN,C,79,79,2737,10.8,18.6,0.583,1.1,3,0.359,9.7,15.5,0.626,0.612,4.7,5.8,0.817,2.9,9.9,12.8,9.3,1.4,0.9,3.1,2.6,27.4
10,Devin Booker,27,PHO,PG,68,68,2447,9.4,19.2,0.492,2.2,6.1,0.364,7.2,13,0.552,0.55,6,6.7,0.886,0.8,3.7,4.5,6.9,0.9,0.4,2.6,3,27.1
11,Donovan Mitchell,27,CLE,SG,55,55,1942,9.3,20.2,0.462,3.4,9.2,0.368,6,11,0.539,0.545,5.1,5.9,0.865,0.9,4.3,5.2,6.2,1.9,0.6,2.9,2.2,27.1
12,Jayson Tatum,25,BOS,PF,74,74,2645,9.1,19.4,0.471,3.1,8.3,0.376,6,11.1,0.542,0.552,5.6,6.8,0.833,0.9,7.3,8.2,5,1,0.6,2.6,2,27
13,Lindell Wigginton,25,MIL,PG,3,0,8,9,22.5,0.4,0,9,0,9,13.5,0.667,0.4,9,9,1,0,0,0,0,0,0,4.5,4.5,27
14,LaMelo Ball,22,CHO,PG,22,22,711,9.3,21.4,0.433,3.5,10,0.355,5.7,11.4,0.5,0.515,4.6,5.3,0.865,1.5,4.3,5.7,8.9,2,0.2,4.2,4,26.6
15,Anthony Edwards,22,MIN,SG,79,78,2770,9.3,20.2,0.461,2.5,6.9,0.357,6.9,13.3,0.515,0.522,5.5,6.6,0.836,0.7,4.9,5.6,5.3,1.3,0.5,3.1,1.8,26.6
16,De'Aaron Fox,26,SAC,PG,74,74,2659,9.7,21,0.465,2.9,7.9,0.369,6.9,13.1,0.522,0.534,4.2,5.7,0.738,0.9,3.7,4.6,5.7,2,0.4,2.6,2.6,26.6
17,Dexter Dennis,24,DAL,SG,4,0,30,12,22.8,0.526,1.2,9.6,0.125,10.8,13.2,0.818,0.553,1.2,3.6,0.333,1.2,9.6,10.8,4.8,0,1.2,3.6,1.2,26.4
18,Kyrie Irving,31,DAL,SG,58,58,2030,10,20.1,0.497,3.1,7.5,0.411,6.9,12.6,0.548,0.573,3.4,3.7,0.905,0.8,4.4,5.1,5.3,1.3,0.5,1.9,2,26.4
19,Kevin Durant,35,PHO,PF,75,75,2791,9.7,18.5,0.523,2.2,5.2,0.413,7.5,13.3,0.567,0.581,4.7,5.5,0.856,0.5,5.9,6.4,4.9,0.9,1.2,3.1,1.7,26.2
20,LeBron James,39,LAL,PF,71,71,2504,9.8,18.2,0.54,2.1,5.2,0.41,7.7,13,0.592,0.599,4.4,5.8,0.75,0.9,6.6,7.4,8.5,1.3,0.5,3.5,1.1,26.2
21,Zion Williamson,23,NOP,PF,70,70,2207,10.2,17.8,0.57,0.1,0.3,0.333,10.1,17.6,0.574,0.573,5.7,8.1,0.702,2,4.6,6.6,5.7,1.3,0.8,3.1,2.6,26.1
22,Victor Wembanyama,20,SAS,C,71,71,2106,9.4,20.3,0.465,2.2,6.7,0.325,7.2,13.5,0.534,0.519,5,6.3,0.796,2.8,10.2,12.9,4.7,1.5,4.3,4.4,2.6,26
23,Cam Thomas,22,BRK,SG,66,51,2075,9.1,20.6,0.442,2.5,6.9,0.364,6.6,13.8,0.481,0.503,5,5.8,0.856,0.5,3.2,3.7,3.3,0.8,0.3,2.2,2.4,25.7
24,Trae Young,25,ATL,PG,54,54,1942,8,18.7,0.43,3.2,8.7,0.373,4.8,10,0.479,0.516,6.5,7.5,0.855,0.4,2.3,2.8,10.8,1.3,0.2,4.4,2,25.7
25,Ja Morant,24,MEM,PG,9,9,318,9.1,19.2,0.471,1.6,5.8,0.275,7.5,13.5,0.555,0.512,5.9,7.2,0.813,0.7,5,5.7,8.3,0.8,0.6,3.1,2.2,25.6
26,Lauri Markkanen,26,UTA,PF,55,55,1820,8.4,17.6,0.48,3.5,8.7,0.399,5,8.9,0.559,0.578,4.9,5.5,0.899,2.4,6.5,8.9,2.2,1,0.5,1.5,2,25.3
27,Collin Sexton,25,UTA,SG,78,51,2075,8.8,18,0.487,2.2,5.6,0.394,6.6,12.4,0.53,0.549,5.5,6.4,0.859,1.2,2.3,3.6,6.6,1.1,0.3,2.9,2.7,25.3
28,Jaren Jackson Jr.,24,MEM,C,66,66,2124,8.7,19.7,0.444,2,6.2,0.32,6.8,13.5,0.501,0.494,5.7,7.1,0.808,1.4,4.7,6.2,2.6,1.4,1.8,2.7,4,25.2
29,Anthony Davis,30,LAL,C,76,76,2700,9.5,17.1,0.556,0.4,1.4,0.271,9.1,15.7,0.582,0.567,5.6,6.9,0.816,3.2,9.6,12.8,3.5,1.2,2.4,2.1,2.4,25
30,Desmond Bane,25,MEM,SG,42,42,1443,9,19.4,0.464,3.4,9,0.381,5.6,10.4,0.536,0.552,3.5,4,0.87,0.9,3.7,4.6,5.7,1.1,0.5,2.8,3,24.9
31,Kawhi Leonard,32,LAC,SF,68,68,2330,9.4,18,0.525,2.2,5.2,0.417,7.3,12.8,0.569,0.585,3.9,4.4,0.885,1.3,5.1,6.4,3.8,1.7,0.9,1.8,1.5,24.9
32,Tyrese Maxey,23,PHI,PG,70,70,2626,8.7,19.5,0.45,2.9,7.8,0.373,5.8,11.7,0.501,0.524,4.5,5.2,0.868,0.5,3,3.5,5.9,0.9,0.5,1.6,2.1,24.9
33,Damian Lillard,33,MIL,PG,73,73,2579,7.6,17.8,0.424,3.1,8.7,0.354,4.5,9.1,0.49,0.51,6.6,7.2,0.92,0.5,4,4.5,7.1,1,0.3,2.7,1.9,24.8
34,Jaylen Brown,27,BOS,SF,70,70,2343,9.6,19.3,0.499,2.2,6.3,0.354,7.4,13,0.57,0.557,3.2,4.6,0.703,1.3,4.7,5.9,3.8,1.3,0.6,2.6,2.8,24.7
35,Kyle Kuzma,28,WAS,PF,70,70,2281,9.6,20.7,0.463,2.4,7.1,0.336,7.2,13.6,0.53,0.521,2.9,3.8,0.775,1,6.3,7.3,4.7,0.6,0.8,3,2.4,24.5
36,Cade Cunningham,22,DET,PG,62,62,2074,9.1,20.3,0.449,2.1,5.8,0.355,7,14.4,0.487,0.5,4.1,4.8,0.869,0.6,4.1,4.7,8.1,1,0.4,3.7,2.7,24.4
37,Kristaps Porziņģis,28,BOS,C,57,57,1690,8.3,16,0.516,2.3,6.2,0.375,5.9,9.8,0.606,0.589,5.5,6.4,0.858,2.1,6.6,8.7,2.4,0.9,2.4,1.9,3.3,24.4
38,Julius Randle,29,NYK,PF,46,46,1630,8.7,18.5,0.472,1.7,5.4,0.311,7,13.1,0.539,0.518,5.2,6.7,0.781,2.2,7.2,9.3,5.1,0.6,0.3,3.5,2.8,24.3
39,Jamal Murray,26,DEN,PG,59,59,1861,9.2,19.1,0.481,2.8,6.6,0.425,6.4,12.5,0.51,0.554,3,3.6,0.853,0.8,3.9,4.7,7.4,1.1,0.8,2.4,2,24.2
40,Paul George,33,LAC,PF,74,74,2502,8.4,17.8,0.471,3.5,8.5,0.413,4.9,9.3,0.523,0.569,3.8,4.2,0.907,0.5,5.1,5.6,3.8,1.6,0.5,2.2,2.9,24
41,Kevon Harris,26,ORL,SG,2,0,6,12,18,0.667,0,0,NA,12,18,0.667,0.667,0,0,NA,0,12,12,6,0,0,6,18,24
42,Karl-Anthony Towns,28,MIN,PF,62,62,2026,8.5,16.9,0.504,2.4,5.8,0.416,6.1,11.1,0.55,0.575,4.5,5.2,0.873,1.7,7.5,9.2,3.4,0.8,0.7,3.1,3.6,24
43,D.J. Wilson,27,PHI,PF,2,0,15,9.6,14.4,0.667,4.8,4.8,1,4.8,9.6,0.5,0.833,0,0,NA,2.4,2.4,4.8,4.8,0,4.8,0,2.4,24
44,Cam Whitmore,19,HOU,SF,47,2,880,8.7,19.1,0.454,3.2,9,0.359,5.4,10.1,0.538,0.539,3.1,4.6,0.679,1.8,5.6,7.4,1.4,1.2,0.7,1.9,2.6,23.7
45,Anfernee Simons,24,POR,SG,46,46,1582,8.2,19,0.43,3.5,9.2,0.385,4.6,9.8,0.472,0.523,3.7,4.1,0.916,0.5,3.3,3.8,5.8,0.5,0.1,2.9,2.2,23.6
46,Pascal Siakam,29,2TM,PF,80,80,2657,9.2,17.2,0.536,1.2,3.3,0.346,8.1,13.9,0.581,0.569,3.9,5.4,0.732,1.9,5.8,7.7,4.6,0.9,0.3,1.9,2.6,23.5
47,Alperen Sengun,21,HOU,C,63,63,2046,9.3,17.3,0.537,0.6,2,0.297,8.7,15.3,0.567,0.553,4.3,6.2,0.693,3.2,7.1,10.4,5.5,1.3,0.8,2.9,3.7,23.4
48,Paolo Banchero,21,ORL,PF,80,80,2799,8.2,18.1,0.455,1.5,4.5,0.339,6.7,13.6,0.493,0.497,5.2,7.2,0.725,1.1,6.1,7.1,5.5,0.9,0.6,3.2,2,23.2
49,RJ Barrett,23,2TM,SG,58,58,1838,8.5,17.2,0.495,1.8,4.9,0.36,6.8,12.3,0.549,0.547,4.1,5.7,0.715,1,5.1,6.2,3.8,0.6,0.4,2.5,2.5,22.9
50,DeMar DeRozan,34,CHI,SF,79,79,2989,7.8,16.3,0.48,0.9,2.7,0.333,6.9,13.6,0.509,0.507,6.3,7.4,0.853,0.5,3.6,4.1,5.1,1.1,0.5,1.6,1.9,22.8
51,Brandon Ingram,26,NOP,SF,64,64,2103,8.6,17.4,0.492,1.5,4.1,0.355,7.1,13.3,0.534,0.534,4.2,5.3,0.801,0.7,4.8,5.5,6.2,0.9,0.7,2.8,2.5,22.8
52,Boban Marjanović,35,HOU,C,14,0,71,9.1,17.2,0.529,0,1,0,9.1,16.2,0.563,0.529,4.6,7.1,0.643,3.5,12.7,16.2,3,0.5,1,2.5,2.5,22.8
53,Myles Turner,27,IND,C,77,77,2076,8.3,15.8,0.524,2,5.6,0.358,6.2,10.1,0.615,0.587,4.2,5.5,0.773,2,7.3,9.2,1.7,0.7,2.5,1.9,4,22.8
54,Dejounte Murray,27,ATL,SG,78,78,2783,8.7,18.9,0.459,2.6,7.2,0.363,6.1,11.8,0.518,0.528,2.7,3.4,0.794,0.8,4.6,5.4,6.5,1.4,0.3,2.6,1.8,22.7
55,Tyrese Haliburton,23,IND,PG,69,68,2224,8.1,17,0.477,3.2,8.7,0.364,4.9,8.3,0.595,0.57,3.1,3.7,0.855,0.6,3.8,4.4,12.2,1.3,0.8,2.6,1.2,22.5
56,Tyler Herro,24,MIA,SG,42,40,1407,8.3,18.8,0.441,3.4,8.5,0.396,4.9,10.3,0.478,0.531,2.4,2.8,0.856,0.5,5.2,5.7,4.8,0.8,0.1,2.4,1.6,22.4
57,Jerami Grant,29,POR,PF,54,54,1830,7.5,16.7,0.451,2.2,5.4,0.402,5.4,11.3,0.474,0.516,5,6.1,0.817,0.7,3,3.8,3,0.9,0.7,2.3,2.3,22.3
58,Jalen Green,21,HOU,SG,82,82,2601,7.8,18.4,0.423,2.8,8.4,0.332,5,10.1,0.498,0.498,3.9,4.9,0.804,0.6,5.3,5.9,4,0.9,0.4,2.6,1.6,22.3
59,Terquavion Smith,21,PHI,PG,16,0,84,7.7,19.7,0.391,5.6,15,0.371,2.1,4.7,0.455,0.533,1.3,2.1,0.6,0,1.7,1.7,5.1,3.4,0,3,3.4,22.3
60,Oscar Tshiebwe,24,IND,PF,8,0,42,8.6,17.1,0.5,0,0,NA,8.6,17.1,0.5,0.5,5.1,6.9,0.75,6.9,6.9,13.7,1.7,1.7,0.9,0,2.6,22.3
61,James Bouknight,23,CHO,SG,14,0,81,8,18.2,0.439,5.8,13.3,0.433,2.2,4.9,0.455,0.598,0.4,0.9,0.5,0.4,3.6,4,2.7,0.4,0.4,0.9,1.3,22.2
62,Moritz Wagner,26,ORL,C,80,1,1415,8.4,14,0.601,1,2.9,0.33,7.5,11.1,0.673,0.636,4.2,5.2,0.814,3,5.9,8.8,2.4,1,0.5,2.5,4.1,22.1
63,Jimmy Butler,34,MIA,PF,60,60,2042,7,14,0.499,1.1,2.6,0.414,5.9,11.4,0.519,0.537,6.9,8.1,0.858,1.9,3.8,5.6,5.3,1.4,0.3,1.8,1.2,22
64,CJ McCollum,32,NOP,PG,66,66,2159,8.1,17.6,0.459,4,9.3,0.429,4.1,8.3,0.492,0.572,1.9,2.3,0.827,0.7,4.1,4.8,5.1,1,0.7,1.8,2.1,22
65,Jonathan Kuminga,21,GSW,PF,74,46,1949,8.4,15.9,0.529,1,3,0.321,7.4,12.9,0.578,0.56,4.1,5.5,0.746,1.7,4.9,6.6,3,1,0.7,2.3,3.1,21.9
66,Franz Wagner,22,ORL,SF,72,72,2337,8.1,16.9,0.482,1.4,5.1,0.281,6.7,11.7,0.57,0.525,4.2,4.9,0.85,1.1,4.8,5.9,4.1,1.2,0.4,2.1,2.6,21.9
67,Jalen Williams,22,OKC,PF,71,71,2223,8.7,16.1,0.54,1.7,3.9,0.427,7,12.2,0.576,0.592,2.9,3.6,0.814,0.6,4,4.6,5.2,1.3,0.7,2,2.8,21.9
68,Klay Thompson,33,GSW,SF,77,63,2284,7.7,17.9,0.432,4.2,10.9,0.387,3.5,7,0.503,0.551,2,2.2,0.927,0.6,3.5,4,2.8,0.8,0.6,1.8,2,21.7
69,Ricky Council IV,22,PHI,SG,32,0,289,6.7,14,0.482,1.5,4,0.375,5.2,10,0.525,0.536,6.6,8.8,0.746,1.7,4,5.7,2,1,0.1,0.6,2.1,21.6
70,Terry Rozier,29,2TM,SG,61,60,2040,7.8,17.6,0.443,2.6,7.2,0.363,5.2,10.4,0.498,0.518,3,3.5,0.869,0.6,3.7,4.4,6,1.1,0.4,1.9,1.8,21.3
71,Malik Monk,25,SAC,SG,72,0,1872,7.6,17.2,0.443,2.8,8.1,0.35,4.8,9,0.528,0.526,3.3,3.9,0.829,0.5,3.5,4.1,7.1,0.9,0.7,2.9,3,21.3
72,RaiQuan Gray,24,SAS,PF,3,0,39,9.2,15.7,0.588,2.8,6.5,0.429,6.5,9.2,0.7,0.676,0,0,NA,1.8,4.6,6.5,5.5,0.9,0.9,0.9,0,21.2
73,Devin Vassell,23,SAS,SG,68,62,2248,8,16.9,0.472,2.7,7.1,0.372,5.3,9.8,0.544,0.55,2.6,3.2,0.801,0.4,3.7,4.2,4.4,1.2,0.4,1.7,1.2,21.2
74,Bojan Bogdanović,34,2TM,PF,57,27,1478,7.5,16.6,0.454,3.2,8.1,0.398,4.3,8.5,0.507,0.551,2.8,3.6,0.785,0.5,3.2,3.7,2.4,0.7,0.1,2.5,2.3,21.1
75,Immanuel Quickley,24,2TM,SG,68,38,1985,7,16.2,0.434,3.1,7.9,0.395,3.9,8.4,0.471,0.53,3.8,4.4,0.853,0.3,4.4,4.7,6,0.9,0.2,1.8,2.2,21
76,Jordan Poole,24,WAS,SG,78,66,2346,7.5,18.2,0.413,2.8,8.7,0.326,4.7,9.5,0.492,0.491,2.9,3.4,0.877,0.5,2.8,3.3,5.3,1.3,0.4,2.9,3.7,20.8
77,Jalen Smith,23,IND,C,61,14,1047,8,13.6,0.592,2.1,5,0.424,5.9,8.6,0.689,0.67,2.5,3.6,0.692,3.9,7.7,11.6,2.2,0.6,1.3,1.5,4.3,20.7
78,Alec Burks,32,2TM,SG,66,1,1212,6.2,16.9,0.369,3.7,9.8,0.376,2.6,7.1,0.36,0.478,4.3,5,0.868,0.7,3.7,4.5,2.6,0.8,0.4,1.4,2.2,20.5
79,Scottie Barnes,22,TOR,SG,60,60,2094,7.7,16.2,0.475,1.7,5.1,0.341,5.9,11.1,0.536,0.528,3.4,4.3,0.781,2.4,6.1,8.5,6.2,1.3,1.5,2.8,2,20.5
80,Bam Adebayo,26,MIA,C,71,71,2416,7.9,15.2,0.521,0.2,0.6,0.357,7.7,14.5,0.528,0.529,4.4,5.8,0.755,2.4,8.6,11,4.1,1.2,1,2.4,2.4,20.4
81,GG Jackson II,19,MEM,PF,48,18,1233,7,16.4,0.428,3,8.4,0.357,4.1,8.1,0.502,0.519,3.4,4.5,0.752,1.5,4.2,5.7,1.7,0.8,0.7,1.9,1.9,20.4
82,Ryan Rollins,21,2TM,PG,13,0,78,6.5,12.5,0.519,1.4,1.8,0.75,5.1,10.6,0.478,0.574,6,7.8,0.765,0.9,5.1,6,6.5,4.6,1.4,3.7,3.7,20.3
83,Mikal Bridges,27,BRK,SF,82,82,2854,7.1,16.3,0.436,2.8,7.5,0.372,4.3,8.9,0.49,0.521,3.3,4,0.814,0.9,3.8,4.7,3.8,1,0.4,2.1,1.5,20.3
84,T.J. McConnell,31,IND,PG,71,4,1291,9.2,16.5,0.556,0.5,1.2,0.409,8.7,15.3,0.568,0.572,1.4,1.7,0.79,1,4.3,5.3,10.9,2,0.2,3,2.2,20.3
85,Bobby Portis,28,MIL,PF,82,4,2008,8.4,16.5,0.508,1.8,4.4,0.407,6.6,12,0.545,0.562,1.8,2.2,0.79,2.5,8.3,10.9,1.9,1.2,0.6,1.6,3.4,20.3
86,Harry Giles,25,2TM,C,23,0,100,8.3,18,0.46,1.1,5,0.214,7.2,13,0.556,0.49,2.5,4.7,0.538,4.3,6.5,10.8,2.2,0.7,1.1,2.2,5.4,20.2
87,Miles Bridges,25,CHO,SF,69,67,2581,7.8,16.9,0.462,2.2,6.3,0.349,5.6,10.6,0.529,0.527,2.4,2.9,0.825,1,6.1,7,3.2,0.9,0.5,1.9,1.6,20.2
88,Jordan Clarkson,31,UTA,SG,55,19,1682,7.2,17.5,0.413,1.9,6.6,0.294,5.3,10.9,0.485,0.469,3.8,4.3,0.881,1,3,4,5.9,0.7,0.1,3.1,1.7,20.2
89,Chet Holmgren,21,OKC,C,82,82,2413,7.5,14.2,0.53,1.9,5.2,0.37,5.6,9,0.623,0.598,3.3,4.1,0.793,1.9,7.7,9.7,3,0.8,2.8,2,2.9,20.2
90,Zach LaVine,28,CHI,SG,25,23,872,7,15.5,0.452,2.4,7,0.349,4.6,8.5,0.536,0.531,3.6,4.3,0.854,0.3,5,5.3,4,0.9,0.3,2.1,2.4,20.1
91,Leonard Miller,20,MIN,SF,17,0,52,9,13.8,0.65,1.4,3.5,0.4,7.6,10.4,0.733,0.7,0.7,1.4,0.5,3.5,10.4,13.8,5.5,1.4,0.7,0.7,3.5,20.1
92,Lonnie Walker IV,25,BRK,SG,58,0,1011,7.4,17.5,0.423,3.7,9.6,0.384,3.7,7.9,0.471,0.528,1.6,2.1,0.763,0.5,4.1,4.5,2.6,1.1,0.7,1.8,2.5,20.1
93,Bogdan Bogdanović,31,ATL,SG,79,33,2401,7.1,16.5,0.428,3.6,9.6,0.374,3.5,6.9,0.503,0.537,2.3,2.5,0.921,0.8,3.3,4.1,3.7,1.4,0.4,1.7,2.7,20
94,Bennedict Mathurin,21,IND,SF,59,19,1538,6.9,15.5,0.446,1.9,5,0.374,5.1,10.5,0.481,0.507,4.3,5.2,0.821,1.4,4.1,5.5,2.8,0.8,0.3,2.3,2.7,20
95,Khris Middleton,32,MIL,SF,55,55,1487,7.7,15.6,0.493,2.3,6,0.381,5.4,9.6,0.563,0.566,2.4,2.9,0.833,1,5.3,6.2,7.1,1.2,0.4,3.1,3.4,20
96,Naz Reid,24,MIN,C,81,14,1964,7.4,15.6,0.477,3.1,7.5,0.414,4.3,8.1,0.535,0.576,2,2.7,0.736,1.3,6.4,7.8,1.9,1.2,1.3,2,3.2,20
97,Tristan Vukcevic,20,WAS,C,10,4,153,6.8,15.8,0.433,2.4,8.5,0.278,4.5,7.3,0.613,0.507,4,5.2,0.773,1.4,7.1,8.5,3.1,1.2,1.6,2.4,6.6,20
98,Marvin Bagley III,24,2TM,C,50,25,1053,8.2,13.9,0.586,0.3,0.8,0.391,7.9,13.2,0.597,0.597,3.3,4.3,0.762,4.4,6.2,10.7,1.9,0.7,1.1,2,2.8,19.9
99,Josh Minott,21,MIN,SF,32,0,91,6.7,14.2,0.472,1.6,4,0.4,5.1,10.3,0.5,0.528,4.7,5.5,0.857,1.6,5.1,6.7,3.2,2,2,0.8,4,19.8
100,D'Angelo Russell,27,LAL,PG,76,69,2484,7.1,15.7,0.456,3.3,7.9,0.415,3.9,7.8,0.497,0.56,2.3,2.8,0.828,0.4,3,3.4,7,1,0.5,2.3,2.3,19.8
101,Malcolm Brogdon,31,POR,PG,39,25,1121,7,15.9,0.44,2.6,6.4,0.412,4.4,9.5,0.458,0.522,3.1,3.7,0.819,0.9,3.9,4.8,6.9,0.9,0.3,1.9,1.9,19.7
102,Bradley Beal,30,PHO,SG,53,53,1767,7.7,15,0.513,2.1,4.8,0.43,5.6,10.2,0.552,0.582,2.2,2.7,0.813,1.1,3.6,4.7,5.4,1.1,0.6,2.7,2.6,19.6
103,Jordan Ford,25,SAC,PG,6,0,22,6.5,11.5,0.571,3.3,4.9,0.667,3.3,6.5,0.5,0.714,3.3,3.3,1,0,3.3,3.3,3.3,0,0,1.6,0,19.6
104,JaVale McGee,36,SAC,C,46,0,339,8.4,14,0.598,0.1,0.7,0.143,8.3,13.3,0.624,0.602,2.8,4.8,0.578,4.5,8.9,13.4,1.8,1.5,2.1,3.6,4.9,19.6
105,Domantas Sabonis,27,SAC,C,82,82,2928,7.8,13.1,0.594,0.4,1.1,0.379,7.4,12.1,0.613,0.609,3.6,5.1,0.704,3.6,10.2,13.8,8.3,0.9,0.6,3.3,3.1,19.6
106,Adama Sanogo,21,CHI,PF,9,0,66,7.6,14.7,0.519,0,0,NA,7.6,14.7,0.519,0.519,4.4,6.5,0.667,10.4,9.3,19.6,0,0.5,0,2.7,2.7,19.6
107,Darius Garland,24,CLE,PG,57,57,1901,7.1,15.9,0.446,2.5,6.7,0.371,4.6,9.2,0.501,0.524,2.8,3.3,0.834,0.6,2.3,2.9,7.1,1.4,0.1,3.3,1.8,19.5
108,John Collins,26,UTA,PF,68,66,1901,7.5,14.1,0.532,1.6,4.4,0.371,5.9,9.7,0.605,0.59,2.8,3.5,0.795,3,7.9,10.9,1.5,0.8,1.2,1.9,3.6,19.4
109,Daishen Nix,21,MIN,PG,15,0,50,6.5,17.3,0.375,4.3,12.2,0.353,2.2,5,0.429,0.5,2.2,4.3,0.5,0.7,1.4,2.2,4.3,3.6,0,3.6,1.4,19.4
110,Tim Hardaway Jr.,31,DAL,SF,79,12,2120,6.7,16.6,0.402,3.6,10.1,0.353,3.1,6.4,0.478,0.51,2.4,2.9,0.852,0.4,3.9,4.3,2.4,0.7,0.1,1.2,1.8,19.3
111,Jaden Hardy,21,DAL,SG,73,7,989,7.1,17.4,0.407,2.9,8.2,0.362,4.1,9.3,0.447,0.492,2.1,2.8,0.776,0.7,4,4.8,4,0.8,0.1,2.3,2.9,19.3
112,Brandon Miller,21,CHO,SF,74,68,2383,7.2,16.4,0.44,2.8,7.4,0.373,4.4,8.9,0.495,0.524,2.2,2.6,0.827,0.9,3.9,4.8,2.6,1,0.6,2,2.8,19.3
113,Dalano Banton,24,2TM,PG,54,9,1047,6.9,17.2,0.404,2,6.8,0.296,4.9,10.3,0.475,0.463,3.2,4.1,0.783,1.4,4.7,6.1,4.4,1.1,0.7,2.6,2.2,19.2
114,Donte DiVincenzo,27,NYK,SG,81,63,2360,6.8,15.3,0.443,4.3,10.8,0.401,2.5,4.6,0.542,0.584,1.3,1.7,0.754,1,3.6,4.5,3.3,1.6,0.5,1.7,2.5,19.2
115,Jaden Ivey,21,DET,SG,77,61,2217,6.8,15.8,0.429,2,6,0.336,4.8,9.8,0.485,0.492,3.7,4.9,0.749,1.4,2.9,4.3,4.8,0.9,0.7,3.1,3.3,19.2
116,De'Andre Hunter,26,ATL,SF,57,37,1681,6.5,14.2,0.459,2.5,6.5,0.385,4,7.7,0.521,0.547,3.6,4.2,0.847,0.7,4.1,4.8,1.9,0.9,0.3,1.8,3.1,19.1
117,Keldon Johnson,24,SAS,SF,69,27,2038,6.9,15.2,0.454,2.2,6.5,0.346,4.7,8.7,0.533,0.527,3.1,3.9,0.792,1.7,5,6.7,3.4,0.9,0.4,1.8,2.6,19.1
118,Norman Powell,30,LAC,SG,76,3,1990,6.7,13.9,0.486,3,6.9,0.435,3.7,6.9,0.536,0.594,2.6,3.1,0.831,0.3,3.2,3.5,1.5,0.8,0.4,1.2,2.5,19.1
119,Eugene Omoruyi,26,WAS,SF,43,0,393,7.4,15.3,0.485,1.2,4.2,0.283,6.2,11.1,0.562,0.524,2.9,4.5,0.653,3.2,4.6,7.8,3.2,2.5,0.5,1.9,5.7,19
120,Michael Porter Jr.,25,DEN,SF,81,81,2565,7.3,15.1,0.484,3.1,7.8,0.397,4.2,7.4,0.575,0.586,1.3,1.5,0.836,1.5,6.4,7.9,1.7,0.6,0.7,1.3,2.1,19
121,Kevin Love,35,MIA,PF,55,5,924,6.2,14,0.44,3.3,9.5,0.344,2.9,4.5,0.643,0.557,3.3,4.2,0.787,2.3,10.9,13.2,4.5,0.7,0.4,1.9,3.8,18.9
122,Nikola Vučević,33,CHI,C,76,74,2610,8.1,16.7,0.484,1.3,4.3,0.294,6.8,12.4,0.55,0.522,1.5,1.8,0.822,2.9,8.2,11,3.5,0.7,0.8,1.7,2.6,18.9
123,Coby White,23,CHI,PG,79,78,2881,6.8,15.1,0.447,2.6,6.9,0.376,4.1,8.2,0.508,0.534,2.7,3.2,0.838,0.5,3.9,4.5,5.1,0.7,0.2,2.1,2.3,18.9
124,Jarrett Allen,25,CLE,C,77,77,2442,7.7,12.1,0.634,0,0.1,0,7.7,12,0.638,0.634,3.4,4.6,0.742,3.6,8.4,12,3.1,0.8,1.2,1.8,2.2,18.7
125,Jonas Valančiūnas,31,NOP,C,82,82,1925,7.5,13.4,0.559,0.7,2.2,0.308,6.8,11.2,0.609,0.585,3,3.8,0.785,3.5,10,13.5,3.2,0.6,1.3,2.1,4.1,18.7
126,Cole Anthony,23,ORL,PG,81,0,1817,6.6,15.1,0.435,1.8,5.4,0.338,4.7,9.7,0.49,0.496,3.6,4.3,0.826,1.3,4.9,6.2,4.7,1.3,0.7,2.5,3.5,18.6
127,Deandre Ayton,25,POR,C,55,55,1784,8.6,15.1,0.57,0,0.2,0.1,8.6,14.9,0.576,0.571,1.3,1.6,0.823,3.6,8.7,12.3,1.8,1.1,0.8,2,2.2,18.6
128,Corey Kispert,24,WAS,SF,80,22,2067,6.7,13.8,0.486,3.2,8.4,0.383,3.5,5.5,0.643,0.602,2,2.7,0.726,0.5,3.4,3.9,2.7,0.7,0.3,1.7,2.5,18.6
129,Scotty Pippen Jr.,23,MEM,PG,21,16,527,6.8,13.9,0.493,2,4.9,0.417,4.8,8.9,0.534,0.567,2.8,3.8,0.745,1.5,3.1,4.6,6.7,2.5,0.7,3.8,4.1,18.5
130,Jordan Nwora,25,2TM,SF,52,1,712,7,15.1,0.462,2.2,6.6,0.336,4.8,8.5,0.56,0.535,2.2,2.7,0.83,1.4,6.1,7.5,3.1,1.3,0.7,2.7,2.4,18.4
131,David Duke Jr.,24,SAS,SG,4,0,51,7.1,12.7,0.556,2.1,4.2,0.5,4.9,8.5,0.583,0.639,2.1,2.1,1,1.4,5.6,7.1,3.5,1.4,0,2.1,2.8,18.4
132,Talen Horton-Tucker,23,UTA,PG,51,11,1009,6.6,16.6,0.396,2.1,6.5,0.33,4.4,10.1,0.438,0.46,3.1,3.9,0.807,0.7,3.6,4.3,6.3,1.6,0.7,2.3,3.4,18.4
133,Evan Mobley,22,CLE,PF,50,50,1532,7.5,13,0.58,0.5,1.4,0.373,7,11.6,0.604,0.6,2.9,4,0.719,2.6,8.4,11,3.8,1.1,1.7,2.1,3.1,18.4
134,Kelly Oubre Jr.,28,PHI,SF,68,52,2055,6.8,15.4,0.441,1.8,5.7,0.311,5,9.7,0.517,0.498,3,4.1,0.75,1.6,4.3,6,1.8,1.3,0.8,1.5,3.4,18.4
135,Brandon Clarke,27,MEM,PF,6,1,134,8.9,15.9,0.559,0.3,1.6,0.167,8.6,14.2,0.604,0.568,0.3,1.9,0.143,3.5,5.1,8.6,2.4,1.3,1.6,0.8,2.1,18.3
136,Zach Collins,26,SAS,C,69,29,1526,7,14.5,0.484,1.4,4.3,0.32,5.7,10.3,0.552,0.531,2.9,3.8,0.753,2.8,5.9,8.7,4.6,0.8,1.2,3.1,4.9,18.3
137,Tobias Harris,31,PHI,PF,70,70,2368,7,14.5,0.487,1.4,3.9,0.353,5.7,10.5,0.537,0.535,2.8,3.2,0.878,1.2,5.7,6.9,3.3,1.1,0.7,1.4,1.7,18.3
138,Keon Johnson,21,BRK,SG,5,0,61,4.7,12.4,0.381,2.4,5.9,0.4,2.4,6.5,0.364,0.476,6.5,7.1,0.917,1.8,2.4,4.1,1.8,1.8,0.6,3,3,18.3
139,Duop Reath,27,POR,C,68,20,1214,6.8,14.8,0.461,2.6,7.3,0.359,4.2,7.5,0.559,0.549,2,2.8,0.742,2.8,4.7,7.4,2,1,1.1,1.5,4.8,18.3
140,Rui Hachimura,25,LAL,PF,68,39,1826,7.2,13.3,0.537,1.9,4.6,0.422,5.2,8.8,0.597,0.609,2,2.6,0.739,1.1,4.7,5.8,1.6,0.8,0.5,0.9,2,18.2
141,Trendon Watford,23,BRK,PF,63,2,856,6.9,13.1,0.527,1.1,2.9,0.397,5.8,10.2,0.564,0.571,3.2,4.1,0.794,2.2,6,8.2,3.4,1,0.8,2.6,4.5,18.2
142,Mamadi Diakite,27,2TM,PF,6,0,24,6,9,0.667,0,1.5,0,6,7.5,0.8,0.667,6,9,0.667,1.5,4.5,6,3,1.5,1.5,1.5,3,18
143,Markquis Nowell,24,TOR,SG,1,0,4,0,9,0,0,0,NA,0,9,0,0,18,18,1,18,0,18,18,9,0,0,0,18
144,Isaiah Wong,23,IND,SG,1,0,4,9,27,0.333,0,9,0,9,18,0.5,0.333,0,0,NA,0,0,0,0,0,0,0,0,18
145,Jules Bernard,24,WAS,SG,19,0,149,7,15.5,0.453,2.7,7,0.379,4.3,8.5,0.514,0.539,1.2,2.2,0.556,2.4,3.9,6.3,3.9,0.7,0.2,1.9,3.4,17.9
146,Isaiah Jackson,22,IND,C,59,3,771,7.2,10.9,0.665,0,0.2,0,7.2,10.7,0.677,0.665,3.4,4.8,0.716,4.4,6.7,11.1,2.3,1.6,2.8,1.8,6.4,17.9
147,Trey Murphy III,23,NOP,SF,57,23,1690,5.9,13.2,0.443,3.6,9.5,0.38,2.3,3.7,0.602,0.579,2.6,3.2,0.815,0.9,5.1,6,2.6,1.1,0.6,0.7,1.5,17.9
148,Austin Reaves,25,LAL,SG,82,57,2629,6.3,12.9,0.486,2.1,5.8,0.367,4.1,7.1,0.583,0.568,3.2,3.7,0.853,0.8,4,4.8,6.2,0.9,0.3,2.4,2.1,17.8
149,Russell Westbrook,35,LAC,PG,68,11,1529,7.1,15.6,0.454,1,3.6,0.273,6.1,12,0.509,0.486,2.6,3.8,0.688,2.2,5.9,8.1,7.2,1.7,0.5,3.4,2.8,17.8
150,Thomas Bryant,26,MIA,C,38,4,441,7,12.2,0.577,0.3,1.8,0.182,6.7,10.4,0.646,0.591,3.3,3.8,0.872,3.3,8.2,11.5,1.9,0.8,1.3,1.7,3.8,17.7
151,Andre Drummond,30,CHI,C,79,10,1351,7.1,12.8,0.556,0,0.1,0,7.1,12.7,0.56,0.556,3.4,5.8,0.592,7.1,11.8,18.9,1,1.9,1.3,2.2,3.7,17.7
152,Josh Giddey,21,OKC,SG,80,80,2011,7.2,15.2,0.475,1.5,4.4,0.337,5.7,10.8,0.53,0.523,1.8,2.2,0.806,2,7.2,9.2,6.9,0.9,0.8,3,2,17.7
153,Scoot Henderson,19,POR,PG,62,32,1765,6.3,16.3,0.385,1.8,5.5,0.325,4.5,10.8,0.416,0.44,3.4,4.2,0.819,1.1,2.9,4,6.9,1,0.3,4.3,4,17.7
154,Deni Avdija,23,WAS,SF,75,75,2257,6.5,12.8,0.506,1.4,3.7,0.374,5.1,9.1,0.56,0.56,3.2,4.4,0.74,1.3,7.3,8.6,4.6,1,0.6,2.6,3,17.6
155,Gary Trent Jr.,25,TOR,SG,71,41,1994,6.5,15.3,0.426,3.2,8.2,0.393,3.3,7.1,0.464,0.531,1.3,1.7,0.771,0.5,2.9,3.4,2.1,1.4,0.2,0.8,1.7,17.6
156,Lindy Waters III,26,OKC,SG,38,0,280,6.3,13.4,0.471,4.8,10.9,0.435,1.5,2.4,0.632,0.649,0.3,0.3,1,0.9,4.2,5.1,3.1,0.6,0.9,0.9,3,17.6
157,Andrew Wiggins,28,GSW,SF,71,59,1920,6.6,14.6,0.453,1.7,4.8,0.358,4.9,9.9,0.498,0.511,2.7,3.5,0.751,2,4,6,2.2,0.8,0.8,1.6,2.8,17.6
158,Jeenathan Williams,24,HOU,SG,22,0,129,7.5,14,0.54,0.6,1.4,0.4,7,12.6,0.556,0.56,2,3.6,0.538,3.3,3.1,6.4,2,1.1,0.3,1.1,2.8,17.6
159,Lamar Stevens,26,2TM,PF,38,3,559,7,15.5,0.45,0.9,3,0.304,6.1,12.5,0.485,0.479,2.7,3.5,0.778,2.3,5.9,8.2,1.8,1.5,1.4,1.5,2.9,17.5
160,Cameron Johnson,27,BRK,PF,58,47,1599,6.2,13.9,0.446,3.1,7.9,0.391,3.1,6,0.519,0.557,1.9,2.5,0.789,1.2,4.4,5.7,3.1,1.1,0.3,1.3,2.4,17.5
161,Caris LeVert,29,CLE,SG,68,10,1958,6.3,15.1,0.421,2,6.1,0.325,4.4,9,0.486,0.487,2.8,3.7,0.766,0.7,4.4,5.1,6.4,1.4,0.6,2.2,2.2,17.5
162,Obi Toppin,25,IND,PF,82,28,1730,6.9,12,0.573,2.1,5.3,0.403,4.8,6.8,0.706,0.661,1.6,2.1,0.77,1.8,4.9,6.7,2.7,1,0.9,1.4,3,17.5
163,Kenneth Lofton Jr.,21,3TM,PF,21,0,199,6.5,14.1,0.462,1.3,4.3,0.292,5.2,9.8,0.537,0.506,3.1,4.7,0.654,2.2,4.7,6.9,6,1.1,0.9,2.5,4.3,17.4
164,Brandon Boston Jr.,22,LAC,SF,32,0,345,6.8,16.8,0.404,1.5,5.4,0.269,5.3,11.4,0.468,0.447,2.4,3.4,0.697,2,3.4,5.4,1.4,1.1,0.8,2.5,4.2,17.4
165,James Harden,34,LAC,PG,72,72,2470,5.1,12,0.428,2.7,7.1,0.381,2.4,4.9,0.497,0.541,4.4,5,0.878,0.5,4.9,5.4,8.9,1.1,0.8,2.7,1.9,17.4
166,Cole Swider,24,MIA,SF,18,0,87,6.2,15.7,0.395,4.1,12.4,0.333,2.1,3.3,0.625,0.526,0.8,0.8,1,0.4,2.5,2.9,2.1,0.4,0.4,3.3,1.7,17.4
167,Keyonte George,20,UTA,PG,75,44,2023,5.7,14.5,0.391,2.6,7.8,0.334,3.1,6.7,0.459,0.482,3.4,4,0.848,0.3,3.5,3.8,5.9,0.6,0.1,3.3,1.6,17.3
168,Shaedon Sharpe,20,POR,SG,32,25,1059,6,14.8,0.406,2,6.1,0.333,3.9,8.6,0.457,0.475,3.3,4,0.824,1.4,4,5.4,3.2,1,0.4,2.4,3,17.3
169,Javonte Green,30,CHI,SF,9,5,230,7,11.7,0.6,1.6,4.2,0.37,5.5,7.5,0.729,0.667,1.6,2,0.769,3.1,7.4,10.5,0.8,1.6,1.3,1.1,3,17.2
170,Trayce Jackson-Davis,23,GSW,PF,68,16,1130,7.4,10.6,0.702,0,0,0,7.4,10.5,0.704,0.702,2.4,4.2,0.561,4.3,6.6,10.9,2.6,0.9,2.4,1.6,3.4,17.2
171,Drew Peterson,24,BOS,PF,3,0,23,6.3,9.4,0.667,4.7,7.8,0.6,1.6,1.6,1,0.917,0,0,NA,0,1.6,1.6,1.6,3.1,0,1.6,1.6,17.2
172,Derrick Rose,35,MEM,PG,24,7,399,6.9,14.9,0.461,1.4,3.7,0.366,5.5,11.2,0.492,0.506,2.2,2.4,0.889,0.6,3.4,4.1,7,0.7,0.2,2.8,1.9,17.2
173,Marcus Smart,29,MEM,PG,20,20,605,6.1,14.1,0.43,2.5,8,0.313,3.6,6.1,0.583,0.519,2.6,3.3,0.768,0.4,2.8,3.2,5.1,2.4,0.3,3.7,3.2,17.2
174,Brandon Williams,24,DAL,PG,17,0,113,6.4,17.2,0.37,1,4.8,0.2,5.4,12.4,0.436,0.398,3.5,5.4,0.647,1.3,2.9,4.1,5.4,0.3,0.3,2.2,1.3,17.2
175,Bol Bol,24,PHO,PF,43,0,469,7.1,11.6,0.616,1.7,4,0.423,5.4,7.6,0.717,0.689,1.2,1.5,0.789,2.5,8.1,10.5,1.3,0.8,1.9,1.5,3.2,17.1
176,Bones Hyland,23,LAC,PG,37,5,540,6.5,16.7,0.386,2.9,9,0.326,3.5,7.7,0.457,0.474,1.2,1.5,0.783,0.3,3.3,3.7,6.2,1.7,0.3,2.9,3.4,17.1
177,Jalen Johnson,22,ATL,SF,56,52,1889,6.8,13.4,0.511,1.4,3.8,0.355,5.5,9.6,0.574,0.562,2,2.8,0.728,1.4,7.9,9.3,3.9,1.3,0.9,1.9,2.5,17.1
178,Mark Williams,22,CHO,C,19,19,508,6.9,10.7,0.649,0,0,NA,6.9,10.7,0.649,0.649,3.3,4.5,0.719,5.4,7.7,13,1.6,1.1,1.4,1.2,3.5,17.1
179,Jalen Duren,20,DET,C,61,60,1777,7.1,11.4,0.619,0,0.1,0,7.1,11.3,0.623,0.619,2.9,3.7,0.79,3.9,10.5,14.4,3,0.7,1,2.6,3.9,17
180,Fred VanVleet,29,HOU,PG,73,73,2684,5.7,13.7,0.416,3,7.9,0.387,2.6,5.8,0.454,0.527,2.6,3.1,0.86,0.4,3.3,3.7,7.9,1.4,0.8,1.7,2.5,17
181,Buddy Hield,31,2TM,SF,84,42,2160,6.2,14.2,0.436,3.6,9.5,0.386,2.5,4.7,0.539,0.565,0.9,1,0.881,1,3.5,4.5,3.9,1.2,0.7,1.7,2.8,16.9
182,Jay Huff,25,DEN,C,20,0,49,6.6,11,0.6,2.2,6.6,0.333,4.4,4.4,1,0.7,1.5,1.5,1,1.5,6.6,8.1,1.5,1.5,2.2,0.7,6.6,16.9
183,Jake LaRavia,22,MEM,PF,35,6,806,5.3,13.5,0.389,2.4,7,0.34,2.9,6.6,0.442,0.477,4,4.9,0.826,2.3,3.4,5.7,2.6,1.3,0.5,2,3.1,16.9
184,Dario Šarić,29,GSW,C,64,9,1098,5.9,12.7,0.466,2.4,6.5,0.376,3.5,6.3,0.56,0.562,2.6,3,0.849,2.4,6.9,9.3,4.7,1,0.3,2.6,3.7,16.9
185,Jalen Suggs,22,ORL,SG,75,75,2025,6,12.7,0.471,2.7,6.8,0.397,3.3,5.8,0.556,0.578,2.1,2.8,0.756,0.9,3.2,4.1,3.6,1.9,0.8,2.3,3.6,16.8
186,Jordan Miller,24,LAC,SF,8,0,28,6.4,11.6,0.556,1.3,2.6,0.5,5.1,9,0.571,0.611,2.6,2.6,1,3.9,2.6,6.4,0,0,0,1.3,2.6,16.7
187,Derrick White,29,BOS,SG,73,73,2381,5.9,12.7,0.461,3,7.5,0.396,2.9,5.2,0.555,0.578,2.1,2.3,0.901,0.8,3.9,4.7,5.7,1.1,1.3,1.7,2.3,16.7
188,Moses Moody,21,GSW,SG,66,9,1156,6,13.1,0.462,2.2,6.2,0.36,3.8,6.9,0.555,0.548,2.3,2.9,0.785,2,4.1,6.1,1.8,1.3,0.7,1.4,2.8,16.6
189,Neemias Queta,24,BOS,C,28,0,333,7.2,11.2,0.644,0,0,NA,7.2,11.2,0.644,0.644,2.2,3,0.714,5.7,7.5,13.2,2.2,1.4,2.3,1.4,5.4,16.6
190,Reggie Jackson,33,DEN,PG,82,23,1817,6.5,15,0.431,2,5.6,0.359,4.4,9.4,0.475,0.499,1.6,1.9,0.806,0.7,2.4,3.1,6.1,0.9,0.3,2.1,3,16.5
191,Duncan Robinson,29,MIA,SF,68,36,1905,5.7,12.8,0.45,3.5,8.9,0.395,2.2,3.8,0.579,0.589,1.5,1.7,0.889,0.3,3,3.3,3.6,0.9,0.3,1.8,3.1,16.5
192,Chris Boucher,31,TOR,PF,50,0,705,5.6,11.1,0.507,1.6,4.8,0.33,4,6.3,0.642,0.578,3.6,4.7,0.772,3.2,7.4,10.6,1.2,0.7,1.2,1.4,3.5,16.4
193,Moussa Diabaté,22,LAC,C,11,0,64,5.6,10.7,0.526,0,0,NA,5.6,10.7,0.526,0.526,5.1,7.9,0.643,8.4,5.1,13.5,2.3,2.8,0.6,1.1,2.3,16.3
194,Jordan Hawkins,21,NOP,SG,67,10,1160,5.4,14.2,0.382,3.4,9.2,0.366,2,4.9,0.411,0.501,2.1,2.5,0.838,0.9,3.7,4.6,2.2,0.6,0.2,1.2,2.2,16.3
195,Sam Merrill,27,CLE,SG,61,1,1069,5.3,13.2,0.402,4.8,11.9,0.404,0.5,1.3,0.385,0.584,0.9,0.9,0.929,0.7,3.3,4,3.6,0.6,0.1,0.6,2.4,16.3
196,Keegan Murray,23,SAC,SF,77,77,2588,6.2,13.6,0.454,2.5,7.1,0.358,3.6,6.5,0.56,0.548,1.4,1.7,0.831,1.5,4.4,5.8,1.8,1.1,0.8,0.9,2.9,16.3
197,Dennis Schröder,30,2TM,PG,80,58,2486,5.8,13.4,0.435,2,5.3,0.375,3.8,8.1,0.474,0.509,2.6,3.1,0.836,0.6,2.9,3.5,7.1,0.9,0.2,2.2,2.4,16.2
198,Taze Moore,25,POR,SG,4,0,40,7.2,17.1,0.421,0.9,6.3,0.143,6.3,10.8,0.583,0.447,0.9,1.8,0.5,3.6,3.6,7.2,4.5,1.8,0,2.7,3.6,16.2
199,Landry Shamet,26,WAS,SG,46,5,726,5.9,13.6,0.431,2.6,7.8,0.338,3.2,5.8,0.556,0.527,1.9,2.3,0.826,0.8,2.3,3.1,2.7,1.2,0.5,1.5,3.8,16.2
200,Day'Ron Sharpe,22,BRK,C,61,1,921,6.6,11.5,0.571,0.2,0.6,0.267,6.4,10.9,0.588,0.578,2.9,4.8,0.61,6.3,8.9,15.2,3.3,0.9,1.7,2.7,5.1,16.2
201,Daniel Gafford,25,2TM,PF,74,66,1815,6.9,9.5,0.725,0,0,NA,6.9,9.5,0.725,0.725,2.3,3.5,0.674,3.9,7.3,11.1,2.3,1.3,3,1.5,4.5,16.1
202,Tari Eason,22,HOU,PF,22,0,480,6.6,14.2,0.466,1.4,3.7,0.36,5.2,10.4,0.504,0.513,1.6,2.5,0.636,3.4,8,11.5,2,2.3,1.4,1.5,3.8,16.1
203,Danilo Gallinari,35,3TM,SF,49,0,630,4.7,10.9,0.437,1.7,5.3,0.323,3,5.5,0.546,0.516,4.8,5.6,0.857,1.1,5,6.2,3.1,0.8,0.3,1.3,2.9,16
204,Cameron Payne,29,2TM,PG,78,10,1304,5.7,13.3,0.432,2.9,7.4,0.39,2.9,5.9,0.486,0.541,1.6,1.8,0.866,0.6,2.7,3.2,5.7,1.2,0.3,1.8,3.5,16
205,Jared Butler,23,WAS,SG,40,0,566,6.2,12.8,0.488,1.5,5,0.308,4.7,7.8,0.602,0.547,2,2.3,0.861,0.6,3.1,3.7,8,1.8,0.5,3.2,3.7,16
206,Clint Capela,29,ATL,C,73,73,1883,6.7,11.8,0.571,0,0,0,6.7,11.8,0.572,0.571,2.5,3.9,0.631,6.4,8.4,14.8,1.7,0.8,2,1.4,3.1,16
207,Aaron Gordon,28,DEN,PF,73,73,2297,6.2,11.2,0.556,0.6,2.2,0.29,5.6,9.1,0.619,0.584,2.8,4.2,0.658,2.7,4.7,7.4,4.1,0.9,0.7,1.6,2.2,15.9
208,Sasha Vezenkov,28,SAC,PF,42,0,511,5.9,13.5,0.44,3.2,8.5,0.375,2.7,5,0.549,0.558,0.8,1.1,0.8,2.1,4.6,6.8,1.3,1.4,0.5,0.8,3,15.9
209,Aaron Wiggins,25,OKC,SG,78,4,1228,6.2,11.1,0.562,1.8,3.7,0.492,4.4,7.4,0.598,0.645,1.6,2.1,0.789,1.8,3.7,5.5,2.5,1.6,0.6,1.6,2.7,15.9
210,Ivica Zubac,26,LAC,C,68,68,1794,6.8,10.4,0.649,0,0,NA,6.8,10.4,0.649,0.649,2.4,3.3,0.723,3.9,8.6,12.6,1.9,0.4,1.7,1.6,3.6,15.9
211,Nate Hinton,24,HOU,SG,15,0,75,5.3,12.5,0.423,3.4,6.7,0.5,1.9,5.8,0.333,0.558,1.9,2.4,0.8,3.4,7.2,10.6,4.8,1.4,1,1.4,5.3,15.8
212,Isaiah Joe,24,OKC,SG,78,1,1445,5.5,12.1,0.458,3.7,8.8,0.416,1.9,3.3,0.568,0.609,1.1,1.3,0.865,0.8,3.7,4.5,2.5,1.1,0.5,1.2,2.2,15.8
213,Aaron Nesmith,24,IND,SF,72,47,1995,5.7,11.5,0.496,2.5,6,0.419,3.2,5.4,0.581,0.606,1.9,2.5,0.781,1.1,3.8,5,1.9,1.2,0.9,1.2,4.3,15.8
214,Craig Porter Jr.,23,CLE,PG,51,6,649,6.4,12.6,0.509,0.7,1.9,0.353,5.8,10.8,0.536,0.535,2.3,3.1,0.732,1.2,4.9,6,6.5,1.2,0.8,2.5,2.2,15.8
215,Luka Šamanić,24,UTA,PF,43,7,404,5.3,14.1,0.38,1.2,5.7,0.203,4.2,8.4,0.5,0.421,3.9,5,0.786,2,7.1,9.1,1.7,0.4,0.6,2.5,2.9,15.8
216,A.J. Lawson,23,DAL,SG,42,0,311,6.3,14,0.446,1.5,5.8,0.26,4.7,8.2,0.577,0.5,1.7,2.7,0.652,1.6,4.2,5.8,2.3,1.2,0.3,1.6,2.5,15.7
217,Malachi Flynn,25,3TM,PG,69,0,876,5.6,13.4,0.418,2.3,6.9,0.331,3.3,6.4,0.513,0.505,2.1,2.9,0.732,0.9,3.8,4.7,5.3,1.6,0.3,2.6,2.7,15.6
218,Kelly Olynyk,32,2TM,C,78,27,1759,5.6,10.2,0.555,1.2,3.2,0.387,4.4,7,0.632,0.616,3.1,3.7,0.833,2.2,6.2,8.4,7.1,1.5,0.6,3.1,4.7,15.6
219,Malaki Branham,20,SAS,PG,75,29,1594,6.1,14.2,0.432,2.1,6.1,0.347,4,8.1,0.494,0.506,1.2,1.4,0.873,0.6,2.7,3.3,3.5,0.6,0.2,2.1,2.1,15.6
220,Jett Howard,20,ORL,SF,18,0,67,5.4,16.1,0.333,3.8,13.4,0.28,1.6,2.7,0.6,0.45,1.1,2.1,0.5,0.5,3.2,3.8,3.2,1.1,1.1,1.6,2.1,15.6
221,Marcus Sasser,23,DET,PG,71,11,1351,5.8,13.6,0.428,2.4,6.4,0.375,3.4,7.2,0.474,0.516,1.5,1.8,0.879,0.3,3,3.3,6.3,1.2,0.3,2.4,2.7,15.6
222,Dāvis Bertāns,31,2TM,PF,43,1,674,4.9,12.5,0.393,4.1,10.7,0.38,0.9,1.8,0.471,0.556,1.6,1.8,0.909,0.5,2.8,3.3,1.9,1.4,0.6,1,3,15.5
223,OG Anunoby,26,2TM,SF,50,50,1702,6,12.2,0.489,2.2,5.6,0.382,3.8,6.6,0.581,0.577,1.4,1.9,0.753,1,3.4,4.4,2.3,1.4,0.8,1.7,2.5,15.5
224,Jonathan Isaac,26,ORL,PF,58,2,914,5.8,11.3,0.51,1.7,4.4,0.375,4.1,6.9,0.598,0.584,2.3,3.2,0.72,2.9,7.4,10.2,1.2,1.7,2.8,1.1,2.5,15.5
225,Luke Kennard,27,MEM,SG,39,22,999,5.1,11.4,0.448,3.9,8.6,0.45,1.2,2.8,0.442,0.617,1.4,1.6,0.889,0.4,3.7,4.1,4.9,0.7,0.1,1.9,1.4,15.5
226,Payton Pritchard,26,BOS,PG,82,5,1825,5.9,12.5,0.468,2.9,7.5,0.385,3,5,0.593,0.583,0.9,1.1,0.821,1.4,3.8,5.2,5.5,0.8,0.1,1.2,2.1,15.5
227,Jabari Smith Jr.,20,HOU,PF,76,76,2424,5.6,12.4,0.454,2,5.6,0.363,3.6,6.7,0.53,0.537,2.2,2.7,0.811,2.1,7.1,9.1,1.8,0.8,0.9,1.3,3,15.5
228,Wendell Carter Jr.,24,ORL,C,55,48,1406,5.7,10.9,0.525,1.6,4.4,0.374,4.1,6.5,0.626,0.6,2.4,3.4,0.694,2.9,6.9,9.8,2.4,0.9,0.7,1.7,3.1,15.4
229,Gui Santos,21,GSW,PF,23,0,192,5.2,10.3,0.509,1.9,5.1,0.37,3.4,5.2,0.643,0.6,3,3.2,0.941,3.2,6,9.2,2.6,0.7,0.4,1.3,4.3,15.4
230,Amen Thompson,21,HOU,SF,62,23,1388,6.2,11.6,0.536,0.2,1.5,0.138,6,10.1,0.595,0.545,2.7,4,0.684,3.8,6.8,10.6,4.2,2,1,2.3,3.7,15.4
231,Simone Fontecchio,28,2TM,SF,66,43,1644,5.5,12,0.46,2.9,7.3,0.401,2.6,4.7,0.551,0.582,1.2,1.4,0.818,1.4,4,5.4,2.2,1,0.5,1.5,2.4,15.2
232,P.J. Washington,25,2TM,PF,73,45,2221,5.7,13.1,0.436,2.1,6.7,0.32,3.6,6.5,0.558,0.518,1.6,2.4,0.683,1.4,5.3,6.7,2.3,1.2,1,1.6,2.7,15.2
233,Sandro Mamukelashvili,24,SAS,C,46,5,451,5.8,12.4,0.471,1.5,5.1,0.297,4.3,7.3,0.593,0.532,2,2.7,0.735,3.6,8.1,11.7,3.9,0.6,1,1.5,2.8,15.2
234,Miles McBride,23,NYK,PG,68,14,1328,5.6,12.3,0.452,3,7.2,0.41,2.6,5.1,0.511,0.572,1.2,1.4,0.86,0.8,1.9,2.7,3.1,1.4,0.2,0.8,2.9,15.2
235,Isaiah Thomas,34,PHO,PG,6,0,19,5.7,18.9,0.3,3.8,7.6,0.5,1.9,11.4,0.167,0.4,0,0,NA,0,0,0,5.7,0,0,0,0,15.2
236,Harrison Barnes,31,SAC,PF,82,82,2381,5.2,11.1,0.474,2.3,5.8,0.387,3,5.2,0.571,0.576,2.4,3,0.801,1,2.8,3.8,1.5,0.8,0.2,0.9,1.5,15.1
237,Saddiq Bey,24,ATL,SF,63,51,2062,5.1,12.2,0.416,2,6.3,0.316,3.1,5.9,0.522,0.497,3,3.5,0.837,2.9,4.3,7.2,1.6,0.9,0.2,0.9,1.5,15.1
238,Kevin Huerter,25,SAC,SG,64,59,1562,5.7,12.9,0.443,2.8,7.9,0.361,2.9,5,0.571,0.553,0.8,1.1,0.766,0.9,4.3,5.2,3.8,1,0.5,1.2,3.1,15.1
239,Jaime Jaquez Jr.,22,MIA,SF,75,20,2113,5.8,11.9,0.489,1.1,3.4,0.322,4.7,8.4,0.558,0.536,2.4,3,0.811,1.4,3.5,4.9,3.3,1.3,0.3,1.9,2.8,15.1
240,Georges Niang,30,CLE,PF,82,10,1831,5.6,12.4,0.449,2.9,7.8,0.376,2.7,4.6,0.572,0.567,1,1.2,0.85,0.4,5,5.5,1.9,0.6,0.4,1.4,3.8,15.1
241,Jakob Poeltl,28,TOR,C,50,50,1319,6.8,10.3,0.656,0,0,NA,6.8,10.3,0.656,0.656,1.6,2.9,0.551,4,7.7,11.7,3.5,1,2.1,2.1,4.1,15.1
242,Ayo Dosunmu,24,CHI,SG,76,37,2212,5.9,11.7,0.501,1.9,4.8,0.403,3.9,6.9,0.568,0.583,1.4,1.7,0.81,0.9,2.6,3.5,3.9,1.1,0.6,1.7,2.7,15
243,Lester Quiñones,23,GSW,SG,37,0,394,5.1,12.9,0.397,2.9,8,0.364,2.2,4.8,0.453,0.511,1.8,2.6,0.69,1.9,4.7,6.6,3.3,0.5,0.2,1.6,4,15
244,Julian Strawther,21,DEN,SF,50,0,545,5.4,14.7,0.369,2.7,9.1,0.297,2.7,5.5,0.488,0.462,1.5,2,0.71,0.3,3.7,4,3.1,1.1,0.5,1.5,3.6,15
245,Hunter Tyson,23,DEN,PF,18,0,48,6,15,0.4,3,10.5,0.286,3,4.5,0.667,0.5,0,0,NA,0.7,6,6.8,1.5,0.7,0,1.5,7.5,15
246,Kobe Bufkin,20,ATL,SG,17,0,196,6.2,16.9,0.37,1.7,7.3,0.225,4.6,9.6,0.481,0.418,0.7,1.5,0.5,1.1,5,6.1,5,1.3,0.9,1.8,3.7,14.9
247,Bruno Fernando,25,ATL,C,45,2,682,5.8,9.9,0.583,0,0.2,0,5.8,9.7,0.596,0.583,3.4,5.1,0.667,3.1,7.1,10.2,2.4,1.3,1.5,2.3,5.6,14.9
248,Brice Sensabaugh,20,UTA,SF,32,11,584,5.2,13.4,0.39,2.1,7.1,0.296,3.1,6.3,0.495,0.468,2.3,2.5,0.902,1,5.3,6.3,3.4,0.8,0.4,2.9,2.7,14.9
249,Nick Smith Jr.,19,CHO,SG,51,0,729,5.6,14.3,0.391,3.1,7.2,0.432,2.5,7.1,0.35,0.5,0.6,0.7,0.867,0.9,2.7,3.6,2.9,0.5,0.3,1.9,2.7,14.9
250,Stanley Umude,24,DET,SG,24,2,307,4.3,9.9,0.44,2.8,6.2,0.453,1.5,3.6,0.419,0.583,3.4,3.8,0.906,0.9,5,6,1.3,0.9,0.8,1.6,4.7,14.9
251,Dillon Brooks,28,HOU,SF,72,72,2227,5.3,12.4,0.428,2.1,6,0.359,3.2,6.4,0.492,0.515,2,2.4,0.844,0.9,3.1,4,1.9,1,0.2,1.4,3.9,14.8
252,JD Davison,21,BOS,SG,8,0,39,4.6,11.1,0.417,2.8,6.5,0.429,1.8,4.6,0.4,0.542,2.8,3.7,0.75,1.8,7.4,9.2,9.2,0.9,0.9,1.8,3.7,14.8
253,A.J. Green,24,MIL,SG,56,0,614,4.9,11.5,0.423,4,9.9,0.408,0.8,1.6,0.519,0.599,1,1.1,0.895,0.5,3.2,3.8,1.8,0.5,0.2,0.7,2.9,14.8
254,Brook Lopez,35,MIL,C,79,79,2411,5.5,11.3,0.485,2.2,6,0.366,3.3,5.2,0.621,0.583,1.6,2,0.821,1.7,4.4,6.1,1.9,0.6,2.8,1.2,2.9,14.8
255,De'Anthony Melton,25,PHI,SG,38,33,1023,4.9,12.7,0.386,2.7,7.5,0.36,2.2,5.1,0.425,0.493,2.3,2.8,0.835,1,4,5,4,2.1,0.6,1.4,3,14.8
256,Rudy Gobert,31,MIN,C,76,76,2593,5.6,8.5,0.661,0,0,0,5.6,8.5,0.664,0.661,3.5,5.4,0.638,4,9.7,13.6,1.4,0.7,2.2,1.6,3.3,14.7
257,Sam Hauser,26,BOS,SF,79,13,1741,5.1,11.5,0.446,4.1,9.6,0.424,1.1,1.9,0.559,0.623,0.4,0.4,0.895,0.9,4.8,5.7,1.7,0.8,0.5,0.7,2,14.7
258,Tyus Jones,27,WAS,PG,66,66,1933,6.1,12.4,0.489,2,4.8,0.414,4.1,7.6,0.537,0.569,0.6,0.7,0.8,0.4,3,3.3,9,1.3,0.3,1.2,0.9,14.7
259,James Wiseman,22,DET,C,63,6,1091,6.2,10.1,0.613,0,0.1,0,6.2,10,0.617,0.613,2.4,3.4,0.706,3.6,7.5,11.1,1.8,0.4,1.3,2.2,4.7,14.7
260,Omer Yurtseven,25,UTA,C,48,12,545,6.5,12.2,0.538,0.3,1.6,0.208,6.2,10.6,0.588,0.552,1.3,1.8,0.679,4.8,9,13.7,1.9,0.5,1.2,2.4,3.4,14.7
261,Santi Aldama,23,MEM,PF,61,35,1618,5.5,12.6,0.435,2.4,6.8,0.349,3.1,5.9,0.534,0.528,1.2,1.9,0.621,1.6,6.2,7.8,3.1,1,1.2,1.5,2,14.6
262,Buddy Boeheim,24,DET,SF,10,0,84,3.9,12.4,0.31,3.4,10.7,0.32,0.4,1.7,0.25,0.448,3.4,4.3,0.8,1.3,3,4.3,1.3,0,0.4,0,2.1,14.6
263,Colin Castleton,23,LAL,C,16,0,59,5.5,9.8,0.563,0,0,NA,5.5,9.8,0.563,0.563,3.7,3.7,1,3.7,3.7,7.3,1.8,1.2,0,1.8,6.7,14.6
264,Anthony Gill,31,WAS,PF,50,3,466,5.8,12.4,0.469,0.8,3.2,0.244,5,9.2,0.546,0.5,2.2,2.8,0.806,2.9,4.4,7.3,2.6,1,0.8,1.8,3.7,14.6
265,Aaron Holiday,27,HOU,PG,78,1,1269,5.3,11.8,0.446,2.4,6.2,0.387,2.9,5.7,0.51,0.547,1.6,1.8,0.921,0.7,2.8,3.5,4,1.2,0.2,1.5,3.5,14.6
266,Ziaire Williams,22,MEM,SF,51,15,1038,5.2,13.1,0.397,2,6.6,0.307,3.2,6.6,0.487,0.474,2.2,2.6,0.827,1.2,5,6.2,2.6,1.2,0.3,2.3,2.9,14.6
267,Gordon Hayward,33,2TM,SF,51,28,1245,5.4,11.7,0.464,1.1,2.6,0.411,4.3,9.1,0.479,0.51,2.6,3.5,0.742,1.1,4.1,5.2,4.6,1.2,0.4,1.9,1.9,14.5
268,Grayson Allen,28,PHO,SG,75,74,2513,4.9,9.8,0.499,2.9,6.4,0.461,1.9,3.4,0.57,0.649,1.8,2.1,0.878,0.7,3.5,4.2,3.3,1,0.6,1.4,2.2,14.5
269,Armoni Brooks,25,BRK,PG,10,0,104,5.2,15.9,0.326,3.8,11.1,0.344,1.4,4.8,0.286,0.446,0.3,0.7,0.5,2.4,3.8,6.2,1.7,0.3,0.3,1,1,14.5
270,Gradey Dick,20,TOR,SG,60,17,1268,5.4,12.6,0.425,2.5,6.8,0.365,2.9,5.8,0.495,0.524,1.2,1.4,0.863,0.8,3,3.7,1.9,1,0.1,1.4,2.5,14.5
271,Hamidou Diallo,25,WAS,SG,2,0,5,7.2,14.4,0.5,0,0,NA,7.2,14.4,0.5,0.5,0,0,NA,14.4,0,14.4,7.2,14.4,0,7.2,7.2,14.4
272,Jusuf Nurkić,29,PHO,C,76,76,2078,5.5,10.9,0.51,0.4,1.6,0.244,5.2,9.3,0.555,0.528,2.9,4.5,0.64,3.9,10.6,14.5,5.2,1.4,1.4,3,4.4,14.4
273,Onyeka Okongwu,23,ATL,C,55,8,1405,5.7,9.4,0.611,0.6,1.8,0.333,5.1,7.6,0.676,0.642,2.4,3,0.793,3.7,5.9,9.6,1.9,0.7,1.5,1.2,4.2,14.4
274,Dylan Windler,27,3TM,SF,17,0,108,5,10,0.5,4.3,9,0.481,0.7,1,0.667,0.717,0,0,NA,1,4.3,5.3,3.3,0.7,0,0.7,2,14.3
275,Nic Claxton,24,BRK,C,71,71,2116,6.2,9.9,0.629,0,0.1,0.2,6.2,9.8,0.633,0.63,1.8,3.3,0.551,3.3,8.7,12,2.5,0.8,2.5,1.6,3,14.3
276,Mike Conley,36,MIN,PG,76,76,2193,4.8,10.6,0.457,2.9,6.6,0.442,1.9,3.9,0.481,0.595,1.7,1.8,0.911,0.6,3,3.6,7.4,1.4,0.3,1.7,2.1,14.3
277,Damian Jones,28,CLE,C,39,0,270,5.7,9.6,0.597,0.4,1.9,0.214,5.3,7.7,0.69,0.618,2.4,2.8,0.857,2.7,5.6,8.3,2,0.9,1.7,1.7,3.6,14.3
278,Kevin Knox,24,DET,SF,31,11,560,5.5,12,0.462,2,6,0.33,3.5,5.9,0.598,0.546,1.3,1.4,0.909,1.2,3.7,4.8,1.5,0.8,0.5,1.4,3.2,14.3
279,Christian Wood,28,LAL,PF,50,1,872,5.1,10.9,0.466,1.4,4.7,0.307,3.6,6.2,0.587,0.532,2.7,3.9,0.702,1.6,8.9,10.5,2,0.7,1.4,2.1,3,14.3
280,Dante Exum,28,DAL,PG,55,17,1088,5.3,10,0.533,1.8,3.6,0.491,3.6,6.4,0.557,0.621,1.8,2.3,0.779,0.8,4.1,4.9,5.2,0.7,0.2,1.6,2.8,14.2
281,Eric Gordon,35,PHO,SG,68,24,1893,5.2,11.8,0.443,2.9,7.5,0.378,2.4,4.2,0.561,0.565,1,1.2,0.797,0.3,2,2.3,2.6,1.3,0.6,1.4,1.5,14.2
282,Mãozinha Pereira,23,MEM,SF,7,1,122,5.3,10.3,0.514,1.5,3.8,0.385,3.8,6.5,0.591,0.586,2.1,3,0.7,3.2,7.7,10.9,0.6,1.8,1.2,1.5,3,14.2
283,Nikola Jović,20,MIA,PF,46,38,896,5.1,11.3,0.452,2.6,6.5,0.399,2.5,4.7,0.525,0.568,1.3,1.9,0.702,1,6.7,7.7,3.6,1,0.6,1.7,3.3,14.1
284,Svi Mykhailiuk,26,BOS,SF,41,2,413,5,11.9,0.416,3.7,9.4,0.389,1.3,2.5,0.517,0.569,0.5,0.8,0.667,1,3.5,4.4,3.1,1,0.1,1,1.7,14.1
285,Jeremy Sochan,20,SAS,PF,74,73,2193,5.6,12.7,0.438,1.1,3.7,0.308,4.4,9,0.492,0.483,1.8,2.4,0.771,2.2,5.6,7.8,4.1,1,0.7,2.3,2.8,14.1
286,Bruce Brown,27,2TM,SG,67,44,1866,5.4,11.2,0.478,1,3.2,0.323,4.3,8.1,0.538,0.523,2.3,2.7,0.824,1,4.5,5.5,3.7,1.1,0.3,1.7,2.9,14
287,Doug McDermott,32,2TM,SF,64,0,904,4.9,11.3,0.433,3.7,9.1,0.41,1.2,2.2,0.527,0.599,0.4,0.8,0.579,0.4,2,2.3,2.8,0.6,0.1,1.1,2.5,14
288,Jeff Green,37,HOU,PF,78,6,1307,4.6,10.1,0.456,1.5,4.4,0.331,3.1,5.7,0.553,0.529,3.4,4.1,0.819,1.3,3.6,4.9,1.9,0.4,0.9,1.3,2.8,14
289,Jahmi'us Ramsey,22,TOR,SG,7,1,121,5.4,12.2,0.439,1.8,6.5,0.273,3.6,5.7,0.632,0.512,1.5,1.8,0.833,1.2,5.4,6.5,2.4,2.1,0,2.1,3,14
290,Matt Ryan,26,NOP,SF,28,1,390,4.5,10.4,0.434,3.8,8.4,0.451,0.7,2,0.364,0.615,1.2,1.3,0.929,0.6,3.1,3.7,1.7,0.6,0.1,1.8,3,14
291,Chimezie Metu,26,2TM,C,51,12,859,5.2,10.2,0.504,1.2,3.9,0.298,4,6.3,0.633,0.561,2.4,2.7,0.906,1.7,6.4,8.1,1.9,1.8,0.7,2.2,3,13.9
292,Tre Mann,22,2TM,PG,41,28,987,5.3,11.5,0.459,1.7,4.6,0.373,3.6,6.9,0.516,0.533,1.6,2.2,0.763,0.7,4.7,5.4,6,1.9,0.1,2.4,1.8,13.9
293,Marcus Morris,34,2TM,PF,49,7,817,5.1,11.6,0.439,2.1,5.2,0.403,3,6.4,0.469,0.53,1.6,1.9,0.818,1,4.9,5.9,1.6,0.7,0.6,1.3,3.3,13.9
294,Jose Alvarado,25,NOP,PG,56,0,1028,5,12.1,0.412,2.7,7.2,0.377,2.2,4.8,0.464,0.525,1.2,1.8,0.673,0.9,3.6,4.5,4.1,2.1,0.5,1.4,3.1,13.9
295,Collin Gillespie,24,DEN,PG,24,0,225,5.1,11,0.464,2.4,6.1,0.395,2.7,5,0.548,0.572,1.3,1.9,0.667,0.2,3.2,3.4,4.3,2.1,0,2.2,3.8,13.9
296,Johnny Juzang,22,UTA,SG,20,5,372,4.9,10.6,0.464,3.1,7.5,0.416,1.8,3.2,0.576,0.609,1,1.4,0.714,0.7,2.8,3.5,2.2,0.4,0.2,1.3,2.8,13.9
297,Cedi Osman,28,SAS,SF,72,3,1269,5.2,10.9,0.479,2.4,6.3,0.389,2.8,4.6,0.601,0.591,1,1.5,0.673,0.7,4.4,5.1,3.4,1,0.3,1.3,3,13.9
298,Josh Richardson,30,MIA,SG,43,6,1103,5,11.3,0.444,2.2,6.2,0.347,2.9,5.1,0.561,0.539,1.7,1.8,0.944,0.6,3.4,3.9,3.4,0.8,0.5,1.2,2.5,13.9
299,Luguentz Dort,24,OKC,SF,79,79,2246,4.6,10.5,0.438,2.5,6.3,0.394,2.1,4.2,0.506,0.557,2.1,2.5,0.826,1.2,3.4,4.6,1.8,1.2,0.8,1.2,3.7,13.8
300,Saben Lee,24,PHO,PG,24,0,185,3.9,10.7,0.364,0.4,3.1,0.125,3.5,7.6,0.462,0.382,5.6,7.6,0.744,1.8,4.3,6,5.8,1.4,0.6,1.6,2.5,13.8
301,Jerome Robinson,26,GSW,SG,22,0,81,4.9,14.7,0.333,0.9,7.6,0.118,4,7.1,0.563,0.364,3.1,4.9,0.636,0.4,2.2,2.7,2.2,0.4,1.3,0.9,2.2,13.8
302,Evan Fournier,31,2TM,SG,32,0,580,4.9,13.7,0.357,2,8.1,0.254,2.9,5.6,0.505,0.432,1.8,2.2,0.806,0.3,3.3,3.6,3,1.8,0.4,1.3,3,13.7
303,Malik Beasley,27,MIL,SG,79,77,2337,4.9,11.1,0.443,3.5,8.3,0.413,1.5,2.8,0.533,0.598,0.4,0.5,0.714,0.6,3.8,4.5,1.7,0.9,0.1,0.8,2.4,13.7
304,Javon Freeman-Liberty,24,TOR,PG,22,6,403,4.9,11.1,0.444,0.9,3.8,0.238,4,7.3,0.549,0.484,2.9,3.2,0.917,1.4,4.8,6.3,3.6,0.9,0.4,2.2,2.5,13.7
305,Jrue Holiday,33,BOS,PG,69,69,2263,5.3,11,0.48,2.2,5.1,0.429,3.1,5.8,0.526,0.581,1,1.1,0.833,1.3,4.6,5.9,5.3,1,0.8,2,1.7,13.7
306,Max Strus,27,CLE,SF,70,70,2239,4.9,11.7,0.418,2.7,7.7,0.351,2.2,4,0.546,0.533,1.2,1.6,0.794,1.1,4.4,5.4,4.6,1,0.5,1.8,2.7,13.7
307,Jaylen Nowell,24,2TM,SG,13,1,214,5.7,13.1,0.436,1,4.9,0.207,4.7,8.2,0.571,0.474,1.2,1.5,0.778,1,3,4,3.2,0.7,0.3,1.2,2.5,13.6
308,Justin Champagnie,22,WAS,SF,15,1,235,4.9,11.9,0.41,2,6.9,0.289,2.9,5.1,0.576,0.494,1.8,2.3,0.8,2.9,5.2,8.1,2.9,1.5,1.4,1.5,2.1,13.6
309,Paul Reed,24,PHI,C,82,24,1590,5.9,10.9,0.54,0.5,1.3,0.368,5.4,9.6,0.563,0.561,1.4,1.9,0.718,4.4,6.7,11,2.5,1.5,1.9,1.5,4.5,13.6
310,Alex Fudge,20,2TM,SF,6,0,40,5.4,13.5,0.4,0.9,4.5,0.2,4.5,9,0.5,0.433,1.8,1.8,1,3.6,0.9,4.5,0,2.7,0,1.8,1.8,13.5
311,Greg Brown III,22,DAL,PF,6,0,40,4.5,9.9,0.455,0.9,2.7,0.333,3.6,7.2,0.5,0.5,3.6,8.1,0.444,2.7,5.4,8.1,3.6,0,3.6,3.6,4.5,13.5
312,Moses Brown,24,POR,C,22,5,200,5.9,11.7,0.508,0,0,NA,5.9,11.7,0.508,0.508,1.6,5.6,0.29,6.7,8.8,15.5,1.3,0.9,1.3,2,4.9,13.5
313,Jamal Cain,24,MIA,PF,26,1,259,4.7,11,0.43,1.5,4.3,0.355,3.2,6.7,0.479,0.5,2.5,3.2,0.783,2.1,3.1,5.1,1.4,1.4,0.7,1.1,3.1,13.5
314,Jabari Walker,21,POR,SF,72,23,1700,5,10.8,0.46,0.9,2.9,0.295,4.1,7.8,0.522,0.5,2.7,3.6,0.754,3.2,7.6,10.8,1.5,0.9,0.5,1.4,3.7,13.5
315,Ish Wainright,29,2TM,SF,11,0,62,4.1,13.9,0.292,4.1,11.6,0.35,0,2.3,0,0.438,1.2,1.2,1,1.7,6.4,8.1,0.6,2.3,0.6,1.2,4.6,13.4
316,Shake Milton,27,3TM,SG,48,0,581,4.9,12.1,0.405,1.1,4,0.281,3.8,8.1,0.466,0.451,2.5,3,0.816,0.9,3.8,4.6,3.7,1.2,0.4,1.9,3.3,13.4
317,Dereck Lively II,19,DAL,C,55,42,1294,6.1,8.2,0.747,0,0.1,0,6.1,8.2,0.752,0.747,1.1,2.3,0.506,3.8,6.8,10.5,1.7,1,2.1,1.4,4,13.4
318,Grant Williams,25,2TM,PF,76,43,2130,4.7,10.2,0.456,2.1,5.7,0.375,2.5,4.5,0.558,0.56,1.8,2.4,0.757,1.5,3.9,5.4,2.9,0.7,0.7,1.8,3.8,13.3
319,Spencer Dinwiddie,30,2TM,PG,76,52,2152,4.2,10.7,0.392,2.1,6.2,0.337,2.1,4.6,0.467,0.489,2.8,3.5,0.805,0.5,2.9,3.4,6,0.9,0.4,1.5,2.3,13.3
320,Daniel Theis,31,2TM,C,60,3,1015,5.5,10.4,0.532,0.9,2.5,0.366,4.6,7.9,0.586,0.577,1.3,1.8,0.76,3,5.6,8.7,2.2,0.7,1.8,1.5,4.5,13.3
321,Markelle Fultz,25,ORL,PG,43,18,910,6.1,12.9,0.472,0.2,0.7,0.222,5.9,12.2,0.487,0.479,0.9,1.3,0.697,2.2,3.2,5.5,4.7,1.7,0.6,2,2.6,13.3
322,Derrick Jones Jr.,26,DAL,SF,76,66,1783,4.8,10,0.483,1.7,4.8,0.343,3.2,5.2,0.613,0.566,2,2.7,0.713,1.7,3.4,5,1.5,1.1,1,1.3,2.4,13.3
323,Naji Marshall,26,NOP,SF,66,1,1257,4.9,10.5,0.463,1.7,4.3,0.387,3.2,6.2,0.516,0.542,1.9,2.5,0.791,1.5,5.4,6.9,3.7,1.4,0.3,1.9,2.6,13.3
324,Andrew Nembhard,24,IND,PG,68,47,1697,5.5,11.1,0.498,1.3,3.6,0.357,4.2,7.4,0.567,0.557,1,1.2,0.804,0.8,2.2,3,5.9,1.3,0.1,2.1,3,13.3
325,Nick Richards,26,CHO,C,67,51,1759,5.3,7.7,0.691,0,0,0,5.3,7.7,0.693,0.691,2.7,3.7,0.737,3.5,7.5,11,1.1,0.5,1.5,1.5,3.6,13.3
326,Seth Curry,33,2TM,SG,44,4,616,4.7,11.9,0.392,2.2,6.3,0.352,2.5,5.6,0.438,0.485,1.6,1.8,0.903,1.1,2.9,4,2.6,1.3,0.4,1.2,2.3,13.2
327,Jeff Dowtin,26,PHI,PG,12,0,142,5.1,9.1,0.556,2.3,4.8,0.474,2.8,4.3,0.647,0.681,0.8,1,0.75,0.8,4.3,5.1,6.8,1.8,0.3,1.3,0.3,13.2
328,Henri Drell,23,CHI,SF,4,0,30,4.8,12,0.4,2.4,7.2,0.333,2.4,4.8,0.5,0.5,1.2,2.4,0.5,1.2,3.6,4.8,4.8,2.4,1.2,2.4,7.2,13.2
329,Braxton Key,26,DEN,SF,20,0,60,4.2,10.2,0.412,1.2,3,0.4,3,7.2,0.417,0.471,3.6,4.8,0.75,1.8,9,10.8,5.4,1.2,0.6,0.6,3,13.2
330,Patrick Williams,22,CHI,PF,43,30,1174,4.9,11,0.443,1.8,4.5,0.399,3.1,6.5,0.474,0.525,1.6,2,0.788,1.4,3.7,5.1,2,1.2,1,1.7,2.7,13.2
331,Christian Braun,22,DEN,SG,82,4,1655,4.8,10.5,0.46,1.4,3.6,0.384,3.5,6.9,0.498,0.525,2,2.9,0.694,1.7,4.9,6.7,2.9,0.9,0.8,1.2,3,13.1
332,Ousmane Dieng,20,OKC,PF,33,0,365,4.8,11.4,0.422,2.1,6.9,0.3,2.8,4.5,0.609,0.513,1.4,1.6,0.875,1,4,5,3.6,0.8,0.5,1.9,2.2,13.1
333,Devonte' Graham,28,SAS,PG,23,0,313,4.4,12.4,0.352,2.9,9.5,0.301,1.5,2.9,0.52,0.468,1.5,1.8,0.813,0.6,3.6,4.1,5.6,1,0.2,2,1.6,13.1
334,Caleb Martin,28,MIA,SF,64,23,1756,4.9,11.5,0.431,1.7,4.8,0.349,3.3,6.7,0.489,0.504,1.6,2,0.778,1.5,4.2,5.8,2.9,1,0.6,1.6,2.6,13.1
335,Vince Williams Jr.,23,MEM,SG,52,33,1436,4.2,9.5,0.446,2,5.2,0.378,2.3,4.3,0.529,0.55,2.6,3.3,0.8,1.5,5.8,7.3,4.4,1.2,0.9,2.3,3.4,13.1
336,Aleksej Pokusevski,22,2TM,PF,28,0,405,4.4,10.8,0.405,1.6,4.9,0.327,2.8,5.9,0.47,0.479,2.7,3.6,0.732,1.5,6.4,7.9,3.1,1.3,1.2,1.7,2,13
337,Herbert Jones,25,NOP,SF,76,76,2321,4.5,9.1,0.498,1.8,4.2,0.418,2.8,4.9,0.568,0.595,2.1,2.5,0.867,1.1,3.1,4.2,3.1,1.6,1,1.4,3.5,13
338,Tre Jones,24,SAS,PG,77,48,2138,5.1,10.1,0.505,1.1,3.2,0.335,4,6.9,0.584,0.558,1.7,2,0.856,1,3.9,4.9,8,1.3,0.2,2,1.5,13
339,Trey Lyles,28,SAC,PF,58,0,1158,4.4,10,0.445,2.6,6.8,0.384,1.8,3.2,0.578,0.576,1.5,2.2,0.7,1.9,6.1,8,2.2,0.5,0.6,1.2,2.7,13
340,Mason Plumlee,33,LAC,C,46,11,674,4.6,8.2,0.569,0,0.3,0,4.6,7.9,0.592,0.569,3.7,5.3,0.707,3.2,9.3,12.5,2.9,0.7,0.9,1.9,3.6,13
341,Olivier-Maxence Prosper,21,DAL,PF,40,1,336,4.3,11.1,0.385,1.4,4.8,0.289,2.9,6.3,0.458,0.447,3,4.4,0.683,2.7,5.8,8.5,2.4,0.7,0.4,0.9,2.1,13
342,David Roddy,22,2TM,PF,65,13,1177,5,12.5,0.403,1.5,5,0.293,3.6,7.5,0.478,0.462,1.4,2.1,0.691,1.6,4.8,6.5,2.4,0.8,0.3,1.7,2.2,13
343,Vasilije Micić,30,2TM,PG,60,21,1176,4.9,11.3,0.43,1.3,4.7,0.279,3.6,6.6,0.537,0.488,1.9,2.3,0.813,0.4,2.3,2.7,8,0.9,0.2,3,2.1,12.9
344,Richaun Holmes,30,2TM,C,40,10,555,5.3,9.5,0.558,0.1,0.2,0.333,5.3,9.3,0.563,0.561,2.2,3,0.723,4.6,7.2,11.8,1.6,0.7,1.2,1.6,4.8,12.9
345,Skylar Mays,26,2TM,SG,38,5,433,5.2,13.2,0.396,1.3,4.5,0.296,3.9,8.7,0.448,0.447,1.1,1.4,0.765,0.8,2.7,3.6,7.1,1.7,0.3,1.7,2.2,12.9
346,Noah Clowney,19,BRK,PF,23,4,370,4.9,9,0.538,1.2,3.2,0.364,3.7,5.8,0.633,0.602,2,2.9,0.7,2.5,5.4,7.9,1.8,0.8,1.6,1.5,2.4,12.9
347,DeAndre Jordan,35,DEN,C,36,2,396,5.3,8.5,0.624,0,0,NA,5.3,8.5,0.624,0.624,2.4,4.8,0.491,4.9,9.4,14.3,2.4,0.5,1.5,2.1,5.1,12.9
348,Jock Landale,28,HOU,C,56,3,763,5,9.7,0.515,0.5,1.9,0.25,4.5,7.8,0.578,0.539,2.5,3.1,0.8,4.2,4,8.1,3.1,0.9,1.6,1.5,3.5,12.9
349,Jaden McDaniels,23,MIN,SF,72,71,2105,5.3,10.7,0.489,1.5,4.4,0.337,3.8,6.4,0.592,0.557,1,1.4,0.722,1,2.9,3.8,1.7,1.1,0.7,1.5,3.7,12.9
350,Peyton Watson,21,DEN,SF,80,4,1488,5,10.8,0.465,1.1,3.7,0.296,3.9,7.1,0.553,0.516,1.7,2.6,0.67,1.4,4.9,6.2,2.1,1,2.1,1.4,3.5,12.9
351,Jevon Carter,28,CHI,PG,72,0,1004,4.9,13.1,0.378,2.8,8.4,0.329,2.2,4.7,0.466,0.484,0.1,0.3,0.571,0.4,1.8,2.2,3.4,1.3,0.6,1.3,2.5,12.8
352,Amari Bailey,19,CHO,PG,10,0,65,4.4,13.3,0.333,0.6,4.4,0.125,3.9,8.9,0.438,0.354,3.3,3.9,0.857,3.3,1.7,5,3.9,1.7,0,2.2,1.1,12.7
353,Gary Payton II,31,GSW,SG,44,0,680,5.5,9.7,0.563,1.1,2.9,0.364,4.4,6.8,0.648,0.617,0.7,1.2,0.609,2.4,3.5,6,2.5,2.1,1,1.4,4.1,12.7
354,Isaiah Stewart,22,DET,PF,46,45,1423,4.7,9.7,0.487,1.7,4.4,0.383,3,5.2,0.575,0.575,1.6,2.2,0.753,1.9,5.8,7.7,1.8,0.4,1,1.7,2.5,12.7
355,Jarace Walker,20,IND,PF,33,0,340,4.8,11.6,0.409,2.3,5.8,0.4,2.4,5.8,0.418,0.509,0.8,1,0.889,1.3,5.4,6.7,4.2,1.6,1.2,1.8,3.1,12.7
356,Quentin Grimes,23,2TM,SG,51,18,1025,4.3,11.5,0.372,2.8,8.4,0.338,1.4,3.1,0.466,0.495,1.2,1.6,0.756,0.5,3,3.5,2.3,1.2,0.2,1,2.6,12.6
357,Jordan Goodwin,25,2TM,PG,57,12,1055,4.8,13,0.369,1.4,4.8,0.298,3.4,8.2,0.411,0.424,1.5,2,0.746,3,5.6,8.6,5.3,1.6,0.6,1.9,2.6,12.6
358,Alex Caruso,29,CHI,SG,71,57,2040,4.5,9.5,0.468,2.4,5.9,0.408,2.1,3.7,0.563,0.593,1.3,1.7,0.76,1.1,3.7,4.8,4.4,2.1,1.2,1.8,3.2,12.6
359,Terance Mann,27,LAC,SG,75,71,1873,4.9,9.5,0.515,1.4,3.9,0.348,3.5,5.6,0.633,0.587,1.5,1.8,0.832,1.7,3.2,4.9,2.3,0.8,0.3,0.9,2.8,12.6
360,Ausar Thompson,21,DET,SF,63,38,1583,5.3,10.9,0.483,0.5,2.6,0.186,4.8,8.3,0.575,0.505,1.6,2.7,0.597,2.9,6.2,9.1,2.7,1.5,1.3,1.9,4,12.6
361,Precious Achiuwa,24,2TM,PF,74,18,1624,5.2,10.4,0.501,0.6,2.2,0.268,4.6,8.2,0.562,0.529,1.5,2.5,0.616,4.2,6.6,10.8,2.2,1,1.5,1.8,3.2,12.5
362,MarJon Beauchamp,23,MIL,SF,48,1,608,4.8,9.8,0.488,1.8,4.4,0.4,3,5.4,0.56,0.578,1.1,1.7,0.679,1.3,4.6,5.9,1.8,0.8,0.4,1.6,3.2,12.5
363,Walker Kessler,22,UTA,C,64,22,1493,5.5,8.4,0.654,0.1,0.5,0.211,5.4,8,0.68,0.66,1.4,2.2,0.602,4,7.6,11.6,1.4,0.7,3.7,1.6,3.2,12.5
364,Chris Paul,38,GSW,PG,58,18,1531,4.8,11,0.441,1.8,4.9,0.371,3,6,0.498,0.525,1,1.2,0.827,0.4,4.9,5.3,9.2,1.6,0.1,1.8,2.5,12.5
365,Brandin Podziemski,20,GSW,SG,74,28,1968,5,10.9,0.454,1.6,4.3,0.385,3.3,6.6,0.499,0.529,0.9,1.4,0.633,2.2,5.7,7.8,5,1.1,0.3,1.6,2.2,12.5
366,Olivier Sarr,24,OKC,C,15,0,98,4,7,0.579,0.7,2.2,0.333,3.3,4.8,0.692,0.632,3.7,5.5,0.667,3.7,9.6,13.2,0.7,0,2.6,1.1,6.6,12.5
367,Dennis Smith Jr.,26,BRK,PG,56,2,1059,5,11.5,0.435,1.1,3.7,0.294,3.9,7.8,0.502,0.482,1.5,2,0.741,1.7,3.9,5.6,6.9,2.3,0.4,2.3,4.1,12.5
368,Monte Morris,28,2TM,PG,33,0,476,4.7,11.6,0.405,2,5.3,0.386,2.6,6.3,0.422,0.493,1,1.4,0.684,0.5,3.8,4.3,5.2,1.4,0.7,0.5,1.1,12.4
369,Julian Champagnie,22,SAS,SF,74,59,1468,4,9.9,0.408,2.5,6.8,0.365,1.5,3.1,0.504,0.534,1.8,2.3,0.815,1,4,5.1,2.5,1.2,1,1.4,1.9,12.4
370,Jaxson Hayes,23,LAL,C,70,5,877,5.2,7.2,0.72,0,0.3,0,5.2,6.9,0.754,0.72,2.1,3.4,0.622,2.8,5.8,8.7,1.4,1.4,1.2,1.8,5,12.4
371,Davion Mitchell,25,SAC,PG,72,4,1101,4.8,10.6,0.452,1.9,5.2,0.361,2.9,5.4,0.539,0.54,1,1.4,0.714,0.6,2.5,3.1,4.4,0.6,0.1,1.4,2.8,12.4
372,Jalen Pickett,24,DEN,SG,27,0,122,4.4,10.3,0.429,2.7,7.4,0.36,1.8,3,0.6,0.557,0.9,1.2,0.75,0.3,3.8,4.1,6.2,1.2,0,2.7,3.8,12.4
373,Jeremiah Robinson-Earl,23,NOP,PF,39,1,334,4.9,10.2,0.474,1.4,4.2,0.333,3.4,6,0.571,0.542,1.3,1.7,0.75,2.5,5.7,8.2,2.3,1.1,0.4,1.7,2.6,12.4
374,Robert Williams,26,POR,C,6,0,119,5.1,7.9,0.654,0,0,NA,5.1,7.9,0.654,0.654,2.1,2.7,0.778,3.3,8.2,11.5,1.5,2.1,2.1,2.1,5.1,12.4
375,Nickeil Alexander-Walker,25,MIN,SG,82,20,1921,4.4,10.1,0.439,2.5,6.3,0.391,2,3.8,0.517,0.56,1,1.2,0.8,0.7,2.5,3.1,3.8,1.2,0.8,1.4,2.7,12.3
376,Patrick Baldwin Jr.,21,WAS,SF,38,7,493,4.3,11.3,0.381,2.3,7.1,0.32,2,4.2,0.483,0.481,1.4,2,0.679,1.2,7.7,9,2.1,1.3,1.1,1.4,4.1,12.3
377,Mo Bamba,25,PHI,C,57,17,740,4.7,9.6,0.49,1.2,3.1,0.391,3.5,6.5,0.537,0.553,1.7,2.4,0.68,3.7,7.8,11.6,2,1.1,2.9,1.9,4.9,12.3
378,Dominick Barlow,20,SAS,PF,33,1,420,4.8,9.7,0.496,0.3,0.8,0.333,4.5,8.9,0.51,0.509,2.5,3.6,0.69,3.9,5.8,9.7,3.1,1,1.2,0.8,4,12.3
379,Taylor Hendricks,20,UTA,PF,40,23,856,4.5,10.1,0.45,2.2,5.9,0.379,2.3,4.2,0.55,0.56,1,1.2,0.793,1.9,5.8,7.8,1.3,1.2,1.3,1.1,3.2,12.3
380,D'Moi Hodge,25,LAL,SG,7,0,41,4.4,13.2,0.333,2.6,10.5,0.25,1.8,2.6,0.667,0.433,0.9,1.8,0.5,0,0,0,4.4,0.9,0.9,0.9,3.5,12.3
381,Bryce McGowens,21,CHO,SG,59,14,882,4.1,9.4,0.439,1.4,4.2,0.333,2.7,5.2,0.523,0.513,2.7,3.5,0.776,0.7,3.5,4.2,2.1,0.9,0.4,1.2,3,12.3
382,Isaac Okoro,23,CLE,SF,69,42,1887,4.5,9.2,0.49,1.6,4.1,0.391,2.9,5.1,0.57,0.577,1.8,2.6,0.679,1.3,2.7,3.9,2.5,1.1,0.6,1,2.7,12.3
383,Jacob Toppin,23,NYK,SF,9,0,38,4.7,8.5,0.556,0.9,3.8,0.25,3.8,4.7,0.8,0.611,1.9,1.9,1,2.8,3.8,6.6,2.8,0,0.9,0.9,2.8,12.3
384,Kessler Edwards,23,SAC,SF,54,0,275,4.5,10.7,0.415,2.6,6.8,0.385,1.8,3.9,0.467,0.537,0.7,1.2,0.556,1.2,4.3,5.5,2,1.3,0.5,0.5,3.4,12.2
385,Luke Kornet,28,BOS,C,63,7,983,5.2,7.4,0.7,0,0,1,5.2,7.4,0.698,0.702,1.8,2,0.907,4.3,5.2,9.6,2.5,0.8,2.2,0.8,2.8,12.2
386,Jared Rhoden,24,DET,SG,17,0,245,4.8,9.7,0.5,1.8,4.6,0.387,3.1,5.1,0.6,0.591,0.7,1.2,0.625,0.4,4.4,4.8,2.1,0.4,1.9,1,4.1,12.2
387,Kira Lewis Jr.,22,3TM,PG,28,0,265,4.6,12.5,0.37,0.5,4.5,0.121,4.1,8,0.508,0.391,2.3,2.7,0.85,1.2,2.3,3.5,5,1.2,0.3,1.9,1.8,12.1
388,Kendall Brown,20,IND,SG,15,0,63,4.6,8.6,0.533,0,1.1,0,4.6,7.4,0.615,0.533,2.9,4.6,0.625,1.7,1.1,2.9,2.9,0,0,1.1,5.1,12
389,Shaquille Harrison,30,MEM,SG,3,0,6,6,12,0.5,0,0,NA,6,12,0.5,0.5,0,0,NA,0,12,12,0,0,6,0,0,12
390,Colby Jones,21,SAC,SG,30,0,192,5.2,13.3,0.394,0.4,4.1,0.091,4.9,9.2,0.531,0.408,1.1,2.1,0.545,3.2,4.3,7.5,3.7,1.3,0.9,1.9,5.4,12
391,Jermaine Samuels,25,HOU,SF,14,0,60,5.4,8.4,0.643,0,1.2,0,5.4,7.2,0.75,0.643,1.2,1.2,1,1.8,6,7.8,1.8,0.6,1.2,0,3,12
392,Nassir Little,23,PHO,SF,45,2,458,4.5,9.7,0.46,1.7,5.5,0.3,2.8,4.2,0.667,0.544,1.3,1.6,0.85,1.1,4.8,5.9,1.7,0.8,0.8,1.1,3.1,11.9
393,Taurean Prince,29,LAL,PF,78,49,2108,4.3,9.8,0.442,2.4,6.1,0.396,1.9,3.7,0.519,0.566,0.9,1.2,0.735,0.4,3.6,3.9,2,1,0.6,1.2,2.5,11.9
394,Cason Wallace,20,OKC,SG,82,13,1692,4.6,9.4,0.491,2.1,5,0.419,2.5,4.4,0.572,0.602,0.6,0.8,0.784,1.1,2.9,4,2.6,1.6,0.8,1,2.7,11.9
395,Mouhamed Gueye,21,ATL,PF,6,0,73,3.9,11.3,0.348,1.5,4.4,0.333,2.5,6.9,0.357,0.413,2.5,3,0.833,4.9,5.9,10.8,2,2.5,2,0.5,6.4,11.8
396,Garrison Mathews,27,ATL,SG,66,5,992,3.7,8.2,0.456,3.1,7,0.44,0.7,1.2,0.545,0.644,1.2,1.5,0.81,0.6,2.7,3.3,1.3,0.7,0.3,0.7,4.2,11.8
397,T.J. Warren,30,MIN,SF,11,0,125,5.2,11.8,0.439,0.6,3.7,0.154,4.6,8.1,0.571,0.463,0.9,1.2,0.75,1.4,4.9,6.3,2.6,1.2,0.3,1.2,3.2,11.8
398,Goga Bitadze,24,ORL,C,62,33,957,4.7,7.9,0.603,0.1,0.5,0.143,4.7,7.3,0.636,0.608,2.1,3.3,0.655,4.1,6.7,10.8,3,1.2,2.7,1.7,4,11.7
399,Drew Eubanks,26,PHO,C,75,6,1169,4.7,7.8,0.601,0.1,0.1,1,4.6,7.7,0.596,0.607,2.2,2.9,0.774,3.2,6.7,9.9,1.9,0.8,1.9,1.9,3.5,11.7
400,Orlando Robinson,23,MIA,C,36,7,304,4.3,8.5,0.5,0.9,1.8,0.533,3.3,6.8,0.491,0.556,2.3,3,0.76,3.3,6.6,9.9,4,0.8,0.9,2.1,4.1,11.7
401,Jaden Springer,21,2TM,PG,49,2,507,4.2,10.5,0.399,0.7,3.4,0.208,3.5,7.1,0.49,0.432,2.5,3,0.833,2.3,3.2,5.5,3.1,2.6,1.1,2.4,4.7,11.6
402,Al Horford,37,BOS,C,65,33,1740,4.4,8.7,0.511,2.2,5.3,0.419,2.2,3.3,0.658,0.64,0.5,0.6,0.867,1.7,6.8,8.5,3.5,0.8,1.3,1,1.9,11.6
403,Zeke Nnaji,23,DEN,PF,58,0,576,4.3,9.3,0.463,0.4,1.4,0.261,3.9,7.9,0.5,0.483,2.6,3.9,0.677,3.8,4.1,7.9,2,0.9,2.4,1.7,5.1,11.6
404,Jalen Wilson,23,BRK,PF,43,3,664,4.1,9.7,0.425,1.3,4,0.324,2.8,5.7,0.495,0.492,2.1,2.5,0.826,2.5,4.6,7.1,2.4,0.6,0.2,1,2.6,11.6
405,Oshae Brissett,25,BOS,SF,55,1,630,3.9,8.7,0.444,0.9,3.1,0.273,3,5.6,0.541,0.493,2.9,4.7,0.602,3.5,5.7,9.1,2.5,1.1,0.5,1.1,3.1,11.5
406,Kentavious Caldwell-Pope,30,DEN,SG,76,76,2402,4,8.8,0.46,1.9,4.6,0.406,2.2,4.2,0.52,0.566,1.5,1.7,0.894,0.5,2.3,2.7,2.7,1.5,0.6,1.1,2.3,11.5
407,Sidy Cissoko,19,SAS,SF,12,0,141,4.1,8.4,0.485,0.3,3.1,0.083,3.8,5.4,0.714,0.5,3.1,3.8,0.8,2,3.6,5.6,2.6,1.8,0.8,0.8,4.6,11.5
408,Chris Duarte,26,SAC,SF,59,11,719,4,10.5,0.381,2.2,6.4,0.346,1.8,4.2,0.434,0.486,1.3,1.7,0.788,1.3,4,5.3,2.2,1.4,0.4,1.3,4,11.5
409,Draymond Green,33,GSW,PF,55,52,1490,4.5,9,0.497,1.2,3.1,0.395,3.2,5.9,0.551,0.566,1.3,1.8,0.73,1.8,7.8,9.6,8,1.3,1.1,3.3,4,11.5
410,Isaiah Mobley,24,CLE,PF,10,0,72,5,12,0.417,1.5,5,0.3,3.5,7,0.5,0.479,0,0.5,0,1.5,3.5,5,3,1,0,1,3,11.5
411,Jontay Porter,24,TOR,PF,26,5,360,4,10.4,0.385,2,6,0.333,2,4.4,0.455,0.481,1.5,1.8,0.833,2.6,5.6,8.2,6,2,2,2.1,3.5,11.5
412,Darius Bazley,23,2TM,PF,9,0,152,4.3,7.1,0.6,0.5,1.9,0.25,3.8,5.2,0.727,0.633,2.4,2.8,0.833,1.9,4.7,6.6,1.7,1.4,1.7,1.9,0.7,11.4
413,Amir Coffey,26,LAC,SF,70,13,1460,4.1,8.7,0.472,1.7,4.5,0.38,2.4,4.1,0.571,0.571,1.5,1.8,0.859,0.7,2.9,3.6,1.9,1,0.3,0.8,2.5,11.4
414,Keon Ellis,24,SAC,SG,57,21,978,3.9,8.5,0.461,2.6,6.2,0.417,1.4,2.4,0.578,0.612,1,1.3,0.743,1.2,3.4,4.6,3.1,1.9,1.1,1.4,4.1,11.4
415,Kenrich Williams,29,OKC,PF,69,1,1029,4.6,9.8,0.468,2,4.9,0.397,2.6,4.9,0.54,0.568,0.2,0.5,0.5,2.1,5.2,7.3,3.3,1.3,0.3,1.1,3.5,11.4
416,Jalen McDaniels,26,TOR,SF,50,1,538,4.3,12.6,0.344,0.8,4.8,0.169,3.5,7.9,0.449,0.376,1.8,2.5,0.73,1.2,4.1,5.3,2.5,1.3,0.4,2,3.5,11.3
417,Alondes Williams,24,MIA,SG,7,0,16,4.5,18,0.25,0,9,0,4.5,9,0.5,0.25,2.3,2.3,1,0,2.3,2.3,0,0,2.3,4.5,4.5,11.3
418,Royce O'Neale,30,2TM,SF,79,14,1954,3.9,9.9,0.397,2.9,7.8,0.37,1.1,2.2,0.496,0.542,0.4,0.6,0.686,1.1,5.8,6.9,4,1.1,0.8,1.3,3.2,11.2
419,Thaddeus Young,35,2TM,PF,33,6,439,5.3,8.9,0.602,0.1,0.6,0.143,5.2,8.3,0.634,0.606,0.5,1.2,0.4,3.8,4.7,8.4,4.7,1.9,0.4,1.2,4,11.2
420,Udoka Azubuike,24,PHO,C,16,0,113,5.1,7.3,0.696,0,0,NA,5.1,7.3,0.696,0.696,1,4.1,0.231,3.5,6.7,10.2,1,0.3,1.9,1.3,5.4,11.2
421,Bilal Coulibaly,19,WAS,SF,63,15,1715,3.9,9.1,0.435,1.3,3.9,0.346,2.6,5.2,0.502,0.509,1.9,2.7,0.702,1.2,4.2,5.4,2.3,1.2,1,1.8,2.9,11.2
422,Josh Green,23,DAL,SG,57,33,1505,4.3,8.9,0.479,1.7,4.5,0.385,2.6,4.5,0.572,0.575,0.9,1.4,0.684,1,3.4,4.4,3.1,1.1,0.2,1.4,2.6,11.2
423,Jalen Hood-Schifino,20,LAL,SG,21,0,109,3.3,14.9,0.222,0.7,5,0.133,2.6,9.9,0.267,0.244,4,6.6,0.6,0.7,3.6,4.3,2.6,1,0.7,3,4.3,11.2
424,Caleb Houstan,21,ORL,SF,59,13,815,3.5,9.1,0.388,3.2,8.5,0.373,0.4,0.6,0.615,0.563,0.9,1.1,0.808,1.2,2.5,3.7,1.3,0.7,0.2,0.7,2.7,11.2
425,Jordan McLaughlin,27,MIN,PG,56,0,626,4,8.3,0.483,2.4,5.1,0.472,1.6,3.2,0.5,0.628,0.7,1,0.722,1,3.1,4.1,6.3,2,0.4,1.1,1.8,11.2
426,Patrick Beverley,35,2TM,PG,73,13,1462,3.9,9.3,0.417,1.5,4.5,0.337,2.4,4.9,0.49,0.497,1.8,2.2,0.822,1.2,4.7,5.9,5.2,1.1,0.8,1.6,3.2,11.1
427,Charles Bassey,23,SAS,C,19,0,205,5.1,7,0.725,0,0.2,0,5.1,6.8,0.744,0.725,0.9,1.1,0.833,4,9.3,13.3,3.7,1.4,3,2.6,5.4,11.1
428,Emoni Bates,20,CLE,SF,15,0,133,4.1,13.3,0.306,2.7,8.9,0.303,1.4,4.3,0.313,0.408,0.3,1.1,0.25,0.3,3.5,3.8,2.7,0.3,0.5,2.2,1.4,11.1
429,Isaiah Hartenstein,25,NYK,C,75,49,1896,4.5,6.9,0.644,0,0.1,0.333,4.4,6.9,0.646,0.645,2.1,3,0.707,4.6,7.3,11.9,3.6,1.7,1.6,1.8,4,11.1
430,Admiral Schofield,26,ORL,PF,23,0,84,4.3,11.1,0.385,2.6,6.9,0.375,1.7,4.3,0.4,0.5,0,0.9,0,1.3,6,7.3,3,0.4,0,2.1,3.9,11.1
431,Ben Sheppard,22,IND,SG,57,1,814,4,10.1,0.393,2.2,6.9,0.314,1.8,3.2,0.562,0.5,1,1.1,0.885,0.7,3.3,3.9,2.3,1.5,0.1,0.7,3.9,11.1
432,Jaylin Williams,21,OKC,C,69,1,897,3.8,9.2,0.417,2.1,5.8,0.368,1.7,3.4,0.5,0.533,1.3,1.6,0.805,1.4,7.9,9.4,4.4,1.1,1.1,1.4,3.9,11.1
433,Patty Mills,35,2TM,PG,32,5,415,4,11.4,0.351,2.1,7.5,0.276,1.9,3.8,0.5,0.443,1,1,1,0.8,2.3,3,2.9,1.7,0.1,1.4,2.8,11
434,Marques Bolden,25,2TM,C,11,2,121,5.1,7.4,0.68,0,0.3,0,5.1,7.1,0.708,0.68,0.9,1.2,0.75,3,7.1,10.1,1.2,0.9,2.1,0.9,3,11
435,D.J. Carton,23,TOR,SG,4,0,36,3,8,0.375,1,4,0.25,2,4,0.5,0.438,4,5,0.8,2,2,4,3,1,0,1,3,11
436,DaQuan Jeffries,26,NYK,SG,17,0,46,4.7,13.3,0.353,1.6,7.8,0.2,3.1,5.5,0.571,0.412,0,1.6,0,0,3.9,3.9,3.9,0,0.8,2.3,1.6,11
437,Markieff Morris,34,DAL,PF,26,1,216,3.8,11.3,0.338,2.5,7,0.357,1.3,4.3,0.308,0.449,0.8,1,0.833,0.7,5.8,6.5,2.7,0.8,0.5,2,2,11
438,Garrett Temple,37,TOR,SG,27,2,289,3.6,9.7,0.372,1.5,5,0.3,2.1,4.7,0.447,0.449,2.2,2.7,0.818,2.2,3.4,5.6,3.5,1.5,0.4,1.7,3.5,11
439,Blake Wesley,20,SAS,SG,61,3,876,4.2,8.8,0.474,0.5,2.3,0.218,3.7,6.6,0.563,0.502,2.1,3.2,0.667,0.7,3.1,3.9,6.8,1.2,0.4,2.3,3.7,11
440,Toumani Camara,23,POR,PF,70,49,1739,4.1,9.1,0.45,1.2,3.6,0.337,2.9,5.5,0.523,0.516,1.6,2,0.758,2.9,4.2,7.1,1.8,1.4,0.7,1.7,3.6,10.9
441,Filip Petrušev,23,2TM,C,3,0,10,3.6,7.2,0.5,0,0,NA,3.6,7.2,0.5,0.5,3.6,7.2,0.5,0,3.6,3.6,0,0,0,0,3.6,10.8
442,Troy Brown Jr.,24,2TM,SF,59,15,827,3.7,9.8,0.372,2,6.1,0.333,1.6,3.7,0.435,0.476,1.4,1.6,0.865,1.1,5.2,6.3,2.6,1,0.1,1.3,1.8,10.8
443,KJ Martin,23,2TM,SF,60,2,746,4.7,8.7,0.536,0.4,1.4,0.286,4.3,7.4,0.582,0.558,1.1,2,0.537,2,4.3,6.3,2.5,1.1,0.6,1.5,4.8,10.8
444,Max Christie,20,LAL,SG,67,7,944,3.9,9.2,0.427,1.6,4.5,0.356,2.3,4.7,0.496,0.515,1.4,1.8,0.783,0.6,4.8,5.4,2.3,0.8,0.6,1.3,2.2,10.8
445,Dorian Finney-Smith,30,BRK,PF,68,56,1934,4,9.5,0.421,2.2,6.3,0.348,1.8,3.3,0.56,0.535,0.6,0.9,0.717,2,3.9,5.9,2,1,0.7,1.1,2.8,10.8
446,Keita Bates-Diop,28,2TM,SF,53,8,665,3.9,9,0.434,1.1,3.7,0.304,2.8,5.3,0.526,0.497,1.7,2.3,0.762,1.7,4.3,6,2.1,1.4,1.2,0.8,1.9,10.7
447,Trey Jemison,24,2TM,C,25,14,573,4.7,8.5,0.551,0,0,NA,4.7,8.5,0.551,0.551,1.3,1.6,0.84,4,4.4,8.4,1.7,0.8,1.8,2.1,4.3,10.7
448,Onuralp Bitim,24,CHI,SG,23,1,268,4.3,11.3,0.381,1.6,5.9,0.273,2.7,5.4,0.5,0.452,0.5,0.7,0.8,0.8,3.5,4.3,1.7,0.4,0.3,1.3,3.2,10.7
449,Haywood Highsmith,27,MIA,PF,66,26,1366,4,8.7,0.465,2,5.1,0.396,2,3.6,0.562,0.581,0.6,0.9,0.639,1.7,3.8,5.5,1.8,1.4,0.8,0.9,3.1,10.7
450,Kobi Simmons,26,TOR,PG,4,0,67,4.8,11.3,0.429,1.1,4.3,0.25,3.8,7,0.538,0.476,0,0,NA,0.5,3.2,3.8,6.4,3.2,1.1,0.5,2.7,10.7
451,Dru Smith,26,MIA,SG,9,0,131,4.1,9.1,0.455,1.9,4.7,0.412,2.2,4.4,0.5,0.561,0.5,0.5,1,1.6,2.2,3.8,3.8,2.5,0.8,1.4,3.3,10.7
452,Furkan Korkmaz,26,PHI,SG,35,0,300,3.6,9.1,0.395,1.7,4.8,0.35,1.9,4.3,0.444,0.487,1.7,2.4,0.7,0.5,3.1,3.6,3,1.7,0.4,1.2,2,10.6
453,Tristan Thompson,32,CLE,C,49,0,549,4.8,7.9,0.608,0,0.1,0,4.8,7.8,0.613,0.608,1,3.4,0.288,4.8,6.6,11.4,3.3,0.8,0.9,1.9,3.9,10.6
454,Xavier Tillman Sr.,25,2TM,PF,54,15,974,4.5,10.3,0.434,0.7,3,0.247,3.7,7.3,0.51,0.47,0.8,1.8,0.44,2.6,5.2,7.8,2.8,1.9,1.6,1.3,2.8,10.5
455,Kyle Lowry,37,2TM,PG,60,55,1690,3.5,8,0.432,2.1,5.3,0.392,1.4,2.7,0.512,0.562,1.3,1.6,0.84,0.7,3.4,4.1,5.4,1.3,0.4,1.8,3.1,10.4
456,Torrey Craig,33,CHI,SF,53,14,1049,3.7,8.6,0.43,2.1,5.3,0.392,1.6,3.4,0.49,0.55,0.9,1.2,0.75,2.4,5.1,7.4,2,1,0.7,1.1,3.8,10.4
457,Chris Livingston,20,MIL,SF,21,0,90,4.4,8.8,0.5,0.4,2,0.2,4,6.8,0.588,0.523,1.2,1.6,0.75,1.2,7.2,8.4,2,0.8,0,2,6,10.4
458,Larry Nance Jr.,31,NOP,C,61,0,1216,4.1,7.1,0.573,0.8,1.9,0.415,3.3,5.2,0.631,0.629,1.4,1.8,0.77,2.8,6.3,9.1,3.3,1.8,0.6,1.5,2.9,10.4
459,Josh Okogie,25,PHO,SG,60,11,960,3.2,7.7,0.417,1.1,3.5,0.309,2.1,4.2,0.509,0.488,2.8,3.8,0.745,2.8,3,5.8,2.4,1.8,0.9,1.4,2.5,10.4
460,Kris Dunn,29,UTA,PG,66,32,1249,4.2,9,0.47,1.2,3.2,0.369,3.1,5.8,0.525,0.535,0.6,0.9,0.688,1.4,4,5.4,7.3,2,0.8,2.3,3.9,10.3
461,Gary Harris,29,ORL,SG,54,27,1297,3.6,8.2,0.441,2.1,5.7,0.371,1.5,2.6,0.598,0.569,0.9,1.2,0.756,0.7,1.9,2.5,2.4,1.4,0.4,0.9,2.5,10.3
462,Killian Hayes,22,DET,PG,42,31,1008,4.2,10.1,0.413,0.8,2.6,0.297,3.4,7.5,0.455,0.452,1.2,1.8,0.66,0.4,3.9,4.2,7.3,1.3,0.7,1.8,2.7,10.3
463,DeJon Jarreau,26,MEM,SG,9,0,150,4.1,12,0.34,1,3.1,0.308,3.1,8.9,0.351,0.38,1.2,2.6,0.455,1.9,8.6,10.6,6.2,1.4,0.5,2.2,3.4,10.3
464,Micah Potter,25,UTA,PF,16,0,186,3.7,7.7,0.475,1.7,4.1,0.429,1.9,3.7,0.526,0.588,1.2,1.5,0.75,1.9,6.4,8.3,1.2,0.8,1.2,1,2.7,10.3
465,Delon Wright,31,2TM,PG,47,1,742,3.6,9.1,0.394,1.2,3.3,0.368,2.4,5.8,0.408,0.46,1.8,2.2,0.822,0.9,3.3,4.2,5.8,2.6,0.5,0.7,1.6,10.2
466,Kyle Anderson,30,MIN,PF,79,10,1782,4,8.7,0.46,0.2,1,0.229,3.8,7.8,0.488,0.472,2,2.8,0.708,1.2,4.3,5.5,6.7,1.4,0.9,1.8,2.6,10.2
467,Danuel House Jr.,30,PHI,SF,34,4,509,3.3,7.4,0.448,1.1,3.5,0.3,2.3,3.9,0.582,0.519,2.5,3.3,0.761,1.1,3,4.1,2,1.1,0.4,1.3,3.2,10.2
468,Matthew Hurt,23,MEM,PF,8,0,113,3.8,10.8,0.353,1.6,6.4,0.25,2.2,4.5,0.5,0.426,1,1,1,2.9,2.2,5.1,1.3,1,1,0.6,2.5,10.2
469,AJ Griffin,20,ATL,SF,20,0,171,3.8,13.1,0.29,2.1,8.2,0.256,1.7,4.8,0.348,0.371,0.4,0.4,1,0.4,3.4,3.8,1.1,0.2,0.4,1.7,1.3,10.1
470,Josh Hart,28,NYK,SF,81,42,2707,3.9,9,0.434,1.1,3.4,0.31,2.9,5.6,0.511,0.493,1.2,1.5,0.791,1.7,7.3,9,4.4,1,0.3,1.6,2.3,10.1
471,Kevon Looney,27,GSW,C,74,36,1195,4.2,7,0.597,0,0,0,4.2,7,0.599,0.597,1.7,2.5,0.675,4.3,8.3,12.6,4,0.8,0.9,1.5,4.7,10.1
472,Cody Martin,28,CHO,SF,28,22,753,3.9,10.3,0.381,1.3,4.1,0.314,2.6,6.2,0.426,0.444,1,1.6,0.606,0.9,4.3,5.2,5,1.5,0.9,2.1,2.3,10.1
473,Théo Maledon,22,2TM,PG,17,1,213,3.4,11.8,0.286,0.8,5.1,0.167,2.5,6.8,0.375,0.321,2.4,2.5,0.933,0.7,3.4,4.1,4.7,1.2,0,3,3.5,10
474,Ochai Agbaji,23,2TM,SG,78,28,1641,3.9,9.5,0.411,1.4,4.6,0.294,2.5,4.9,0.523,0.483,0.8,1.2,0.661,1.6,3.1,4.7,1.8,1,1,1.4,2.6,10
475,Robin Lopez,35,MIL,C,16,2,65,3.9,10.5,0.368,1.1,4.4,0.25,2.8,6.1,0.455,0.421,1.1,1.1,1,1.7,1.1,2.8,2.2,0.6,1.7,1.1,3.9,10
476,Xavier Moon,29,LAC,SG,14,1,119,4.5,13.9,0.326,0.6,5.1,0.118,3.9,8.8,0.448,0.348,0.3,0.6,0.5,2.4,3,5.4,6.4,0.9,0.9,1.5,2.4,10
477,Kris Murray,23,POR,SF,62,29,1348,3.9,9.8,0.396,1.3,4.9,0.268,2.6,4.9,0.525,0.463,1,1.5,0.661,2.3,3.7,6,2.1,1.4,0.6,1.5,2.5,10
478,Tosan Evbuomwan,22,2TM,SF,17,8,367,3.5,7,0.507,1.2,3.1,0.375,2.4,3.8,0.615,0.592,1.7,2.5,0.68,1.8,4.1,5.9,1.6,0.6,0.5,0.9,2.3,9.9
479,Julian Phillips,20,CHI,SF,40,0,323,3.6,8.6,0.416,1.3,4.2,0.316,2.2,4.3,0.513,0.494,1.4,2.1,0.684,1.3,2.7,4,1.4,0.8,0.8,1.1,4.5,9.9
480,Anthony Black,20,ORL,PG,69,33,1164,3.6,7.6,0.466,1.1,2.9,0.394,2.4,4.7,0.51,0.54,1.5,2.5,0.613,1,3.3,4.3,2.8,1.1,0.6,1.7,3.4,9.8
481,Justin Holiday,34,DEN,SG,58,9,862,3.7,8.1,0.454,2.3,5.7,0.404,1.4,2.4,0.569,0.595,0.1,0.2,0.75,0.4,2.6,3,2.8,1.5,0.4,0.6,2.9,9.8
482,Jae Crowder,33,MIL,PF,50,25,1156,3.6,8.4,0.422,1.8,5.2,0.349,1.7,3.2,0.538,0.53,0.8,1.1,0.722,1,4,5,2.1,1.2,0.3,0.7,2.3,9.7
483,Alex Len,30,SAC,C,48,0,444,4.1,6.6,0.617,0,0.2,0,4.1,6.3,0.641,0.617,1.6,2.8,0.588,3.7,6.6,10.4,4.1,0.9,2.7,2.2,5.4,9.7
484,Seth Lundy,23,ATL,SF,9,0,52,2.8,11.8,0.235,2.1,9,0.231,0.7,2.8,0.25,0.324,2.1,2.8,0.75,0.7,4.2,4.8,0,0,0,0.7,4.2,9.7
485,Ty Jerome,26,CLE,SG,2,0,15,4.8,9.6,0.5,0,2.4,0,4.8,7.2,0.667,0.5,0,0,NA,2.4,0,2.4,7.2,0,0,2.4,4.8,9.6
486,Wesley Matthews,37,ATL,SG,36,3,413,3,8.5,0.351,2.1,6,0.348,0.9,2.4,0.357,0.474,1.6,2.1,0.75,0.8,3.8,4.6,2,1.4,1,0.7,3.7,9.6
487,Cam Reddish,24,LAL,SF,48,26,984,3.3,8.6,0.389,1.4,4,0.336,2,4.5,0.435,0.468,1.5,2,0.759,1,2.6,3.6,1.8,1.7,0.5,1.1,2.3,9.5
488,Dalen Terry,21,CHI,SG,59,2,681,3.6,8.3,0.439,0.9,3.9,0.23,2.7,4.4,0.627,0.494,1.3,2.3,0.581,1.5,4.4,6,4.3,1.4,1,1.7,4.3,9.5
489,Dean Wade,27,CLE,PF,54,32,1108,3.1,7.5,0.414,2.6,6.6,0.391,0.6,1,0.567,0.584,0.6,0.8,0.769,1.2,5.9,7.1,1.4,1.3,0.8,0.6,3,9.5
490,Robert Covington,33,2TM,PF,29,6,488,3.2,7.2,0.439,1.4,4.1,0.339,1.8,3.1,0.571,0.536,1.6,1.9,0.846,2.3,4.9,7.2,1.8,2.9,1.3,0.8,4.1,9.4
491,Mike Muscala,32,3TM,C,53,6,600,3.4,9.4,0.359,1.7,5.8,0.292,1.7,3.6,0.467,0.449,1,1.5,0.68,2.3,5.2,7.5,2.2,0.5,0.8,1.3,3.1,9.4
492,Dyson Daniels,20,NOP,PG,61,16,1358,3.7,8.2,0.447,1.1,3.6,0.311,2.6,4.7,0.551,0.514,0.9,1.4,0.642,1.6,4.6,6.3,4.3,2.3,0.7,1.6,2.7,9.4
493,Zavier Simpson,26,MEM,PG,7,0,161,3.8,12.1,0.315,1.1,3.8,0.294,2.7,8.3,0.324,0.361,0.7,0.9,0.75,0.9,3.6,4.5,5.6,1.6,0.7,2.2,2.5,9.4
494,Jae'Sean Tate,28,HOU,SF,65,9,1031,3.8,8,0.472,0.8,2.7,0.299,3,5.3,0.559,0.522,0.9,1.4,0.667,2.1,4.7,6.9,2.2,1.5,0.5,1.3,4.8,9.3
495,Jarred Vanderbilt,24,LAL,PF,29,6,581,3.7,7.1,0.518,0.5,1.7,0.296,3.2,5.4,0.586,0.553,1.5,2.2,0.667,2.5,6,8.6,2.2,2.2,0.3,1.7,2.7,9.3
496,Pat Connaughton,31,MIL,SF,76,3,1676,3.2,7.5,0.435,1.8,5.1,0.345,1.5,2.3,0.633,0.553,0.9,1.2,0.759,1.1,4,5.1,3.5,0.9,0.4,1.1,2.1,9.2
497,Dereon Seabron,23,NOP,SG,6,0,55,2.6,8.5,0.308,0.7,1.3,0.5,2,7.2,0.273,0.346,3.3,3.9,0.833,0.7,3.9,4.6,3.3,1.3,0.7,0,2.6,9.2
498,Ben Simmons,27,BRK,PG,15,12,359,4.3,7.4,0.581,0,0,NA,4.3,7.4,0.581,0.581,0.6,1.5,0.4,3.1,8.8,11.9,8.6,1.2,0.9,2.7,3.6,9.2
499,JT Thor,21,CHO,PF,63,3,781,3.7,8.4,0.437,1.3,3.7,0.346,2.4,4.7,0.51,0.514,0.5,0.9,0.55,2,4.7,6.7,1.3,0.5,1.2,0.7,2.8,9.2
500,Yuta Watanabe,29,2TM,SF,34,0,464,3.2,9,0.353,1.9,6.6,0.294,1.2,2.4,0.516,0.461,0.8,1.3,0.588,0.9,3.3,4.2,1.2,0.9,0.5,1.5,3,9.1
501,Ashton Hagans,24,POR,PG,19,1,316,3.3,8.1,0.408,0.9,2.8,0.32,2.4,5.2,0.457,0.465,1.6,1.9,0.824,1.6,3.5,5.1,6.2,1.3,1,3.4,4.6,9.1
502,Joe Ingles,36,ORL,SF,68,0,1169,3,7,0.436,2.2,5,0.435,0.9,2,0.439,0.59,0.9,1,0.824,0.6,3.8,4.4,6.3,1.3,0.2,2.1,2.7,9.1
503,Mason Jones,25,SAC,SG,5,0,28,2.6,10.3,0.25,2.6,9,0.286,0,1.3,0,0.375,1.3,2.6,0.5,1.3,5.1,6.4,6.4,1.3,0,2.6,3.9,9
504,Vit Krejci,23,ATL,PG,22,14,541,3.4,6.9,0.49,1.9,4.5,0.412,1.5,2.4,0.639,0.625,0.3,0.4,0.833,0.7,2.7,3.5,3.3,0.9,0.4,1.3,3.2,9
505,Dwight Powell,32,DAL,C,63,9,836,3.1,4.6,0.679,0,0.1,0.333,3.1,4.4,0.689,0.684,2.7,3.8,0.708,4.2,5,9.2,3.6,1.1,0.9,1.4,4.9,9
506,TyTy Washington Jr.,22,MIL,PG,11,0,56,3.9,12.9,0.3,1.3,3.9,0.333,2.6,9,0.286,0.35,0,0,NA,0.6,2.6,3.2,3.2,1.9,0,1.3,0.6,9
507,Jacob Gilyard,25,2TM,PG,41,14,699,3.1,7.7,0.4,2.6,6.5,0.405,0.5,1.2,0.375,0.57,0.1,0.1,1,0.5,1.9,2.4,7.1,1.7,0.3,1.5,2,8.9
508,Johnny Davis,21,WAS,SG,50,6,613,3.6,9,0.403,0.8,2.3,0.35,2.8,6.7,0.421,0.448,0.8,1.4,0.583,1.1,3.2,4.2,1.9,1.1,0.6,0.8,3.3,8.9
509,Chuma Okeke,25,ORL,SF,47,8,432,3.3,9.3,0.357,1.9,6.8,0.28,1.4,2.5,0.567,0.46,0.3,0.6,0.571,1.5,5.2,6.7,1.7,0.7,0.6,1.3,1.6,8.9
510,Isaiah Livers,25,DET,PF,23,6,469,3.1,8.9,0.345,1.7,5.9,0.286,1.4,3,0.462,0.44,0.9,1.4,0.667,1.2,2.5,3.7,1.9,1,0.4,1.2,3.3,8.8
511,Rayan Rupert,19,POR,SG,39,12,633,3.1,9.2,0.335,1.6,4.4,0.359,1.5,4.7,0.313,0.422,1.1,1.4,0.76,1.4,3.9,5.2,3.5,0.7,0.2,1.8,3.2,8.8
512,Terry Taylor,24,CHI,PF,31,0,188,3.8,7.5,0.513,0.4,1.7,0.222,3.4,5.7,0.6,0.538,0.8,1,0.8,3.3,3.8,7.1,1.9,1,0.4,1.3,3.3,8.8
513,Leaky Black,24,CHO,SF,26,3,284,3.2,6.6,0.481,1.1,2.5,0.45,2,4.1,0.5,0.567,1.3,1.9,0.667,1.1,4.9,6.1,3,1,1.4,0.8,2.4,8.7
514,Trevelin Queen,26,ORL,SG,14,0,165,3.1,8.3,0.368,0.7,3.7,0.176,2.4,4.6,0.524,0.408,2,2.6,0.75,0.7,3.7,4.4,3.9,1.5,1.1,1.5,3.3,8.7
515,Wendell Moore Jr.,22,MIN,SG,25,0,75,4.3,8.6,0.5,0,2.9,0,4.3,5.8,0.75,0.5,0,0,NA,0,5.8,5.8,2.9,2.4,0.5,1.9,2.4,8.6
516,Matisse Thybulle,26,POR,SF,65,19,1487,3.1,7.7,0.397,1.9,5.6,0.346,1.1,2.1,0.535,0.524,0.5,0.7,0.759,0.7,2.6,3.3,2.2,2.7,1.2,1,2.3,8.6
517,Cody Zeller,31,NOP,C,43,0,320,2.9,7,0.419,0.1,0.3,0.333,2.8,6.6,0.424,0.427,2.6,4.3,0.605,5.4,7.2,12.6,4.4,1,0.6,1.8,5.1,8.6
518,Reggie Bullock,32,HOU,SF,44,0,417,2.9,7.1,0.415,2.3,5.8,0.403,0.6,1.3,0.467,0.579,0.1,0.1,1,0.5,5.8,6.3,1.3,1,0.4,0.9,2.5,8.3
519,Joe Harris,32,DET,SG,16,0,170,3,8.3,0.359,2.1,6.4,0.333,0.8,1.9,0.444,0.487,0.2,0.4,0.5,0.6,2.1,2.8,2.1,0.6,0.4,0.8,4,8.3
520,Kobe Brown,24,LAC,PF,44,0,394,3.4,8.2,0.411,1.3,4.4,0.292,2.1,3.8,0.548,0.489,0.1,0.2,0.5,1.8,3.8,5.7,2.3,1.1,0.5,0.8,4.5,8.1
521,Otto Porter Jr.,30,TOR,SF,15,1,174,2.9,6.8,0.424,1.7,4.8,0.348,1.2,2.1,0.6,0.545,0.6,0.6,1,1.2,4.8,6,1.7,1,1,0.4,3.9,8.1
522,Mitchell Robinson,25,NYK,C,31,21,768,3.4,6,0.575,0,0,NA,3.4,6,0.575,0.575,1.3,3.1,0.409,6.7,5.7,12.3,0.8,1.7,1.6,1.2,2.6,8.1
523,Jamaree Bouyea,24,2TM,PG,9,0,95,3.8,10.6,0.357,0.4,3.4,0.111,3.4,7.2,0.474,0.375,0,0,NA,1.1,6.1,7.2,4.2,0.4,0,3.4,3.8,8
524,Bismack Biyombo,31,2TM,C,40,27,791,3.4,6,0.565,0,0,NA,3.4,6,0.565,0.565,1.2,2.5,0.481,2.8,6.7,9.5,2.4,0.5,1.7,1.9,4.1,7.9
525,Andre Jackson Jr.,22,MIL,SG,57,8,572,3.1,6.3,0.5,1.1,2.9,0.37,2.1,3.4,0.611,0.585,0.5,0.7,0.727,2.7,4.4,7.1,3.1,1,0.4,1.8,5.8,7.9
526,Maxi Kleber,32,DAL,C,43,7,871,2.6,6,0.432,1.3,3.8,0.348,1.3,2.2,0.574,0.541,1.4,1.9,0.702,1.2,4.7,5.9,2.8,0.7,1.2,1.2,3.3,7.9
527,Mouhamadou Gueye,25,TOR,PF,11,0,120,3.3,11.4,0.289,0,0.9,0,3.3,10.5,0.314,0.289,1.2,2.7,0.444,3.6,3.3,6.9,1.5,0.9,5.4,3.6,4.5,7.8
528,Jalen Slawson,24,SAC,SF,12,0,37,3.9,5.8,0.667,0,1.9,0,3.9,3.9,1,0.667,0,0,NA,1,5.8,6.8,1.9,1,1,1.9,7.8,7.8
529,Adam Flagler,24,OKC,SG,2,0,14,2.6,18,0.143,2.6,15.4,0.167,0,2.6,0,0.214,0,0,NA,0,0,0,10.3,0,0,0,0,7.7
530,Cory Joseph,32,GSW,PG,26,0,296,2.8,7.8,0.359,1.6,5.1,0.31,1.2,2.7,0.455,0.461,0.5,0.9,0.571,0.7,2.9,3.6,5.1,0.5,0.4,1.5,3,7.7
531,Wenyen Gabriel,26,MEM,PF,5,0,81,3.6,9.8,0.364,0.4,2.7,0.167,3.1,7.1,0.438,0.386,0,2.2,0,3.1,8,11.1,1.3,0.9,0.9,3.6,4.4,7.6
532,Nicolas Batum,35,2TM,PF,60,38,1529,2.7,6,0.453,1.7,4.4,0.395,1,1.7,0.606,0.596,0.4,0.5,0.714,1.6,4.2,5.8,3,1.1,0.9,0.9,2.6,7.5
533,Thanasis Antetokounmpo,31,MIL,PF,34,0,155,3.7,7,0.533,0,0.2,0,3.7,6.7,0.552,0.533,0,0.5,0,1.6,1.4,3,3.9,1.6,0.9,3.3,5.6,7.4
534,Trent Forrest,25,ATL,SG,38,0,414,3,7.8,0.378,0.2,0.9,0.2,2.8,7,0.4,0.389,1.1,1.5,0.765,1,3.5,4.4,8,1,0.3,1.7,2.2,7.2
535,John Konchar,27,MEM,SF,55,23,1173,2.7,6.4,0.423,1.2,3.7,0.317,1.5,2.7,0.568,0.514,0.6,0.8,0.84,2.2,5.7,7.9,3.4,1.6,1.6,1.4,2.3,7.2
536,Joshua Primo,21,LAC,SG,2,0,10,3.6,10.8,0.333,0,3.6,0,3.6,7.2,0.5,0.333,0,0,NA,3.6,0,3.6,0,0,3.6,14.4,0,7.2
537,Ish Smith,35,CHO,PG,43,5,741,3.2,7.7,0.418,0.2,0.4,0.5,3,7.3,0.413,0.43,0.1,0.2,0.75,0.5,3.2,3.7,7,0.8,0.2,2.3,2.4,6.8
538,Quenton Jackson,25,IND,PG,3,0,11,0,3.3,0,0,0,NA,0,3.3,0,0,6.5,6.5,1,0,13.1,13.1,6.5,3.3,0,0,3.3,6.5
539,Jordan Walsh,19,BOS,SF,9,1,83,2.6,6.5,0.4,0.9,3.9,0.222,1.7,2.6,0.667,0.467,0.4,0.9,0.5,2.2,6.5,8.7,2.2,2.2,0.4,1.3,4.8,6.5
540,Malik Williams,25,TOR,C,7,2,107,3,11.4,0.265,0.3,1.7,0.2,2.7,9.8,0.276,0.279,0,0.7,0,5,7.7,12.8,0.7,1,1.3,1,5,6.4
541,E.J. Liddell,23,NOP,PF,8,0,23,1.6,9.4,0.167,0,7.8,0,1.6,1.6,1,0.167,3.1,3.1,1,0,7.8,7.8,1.6,3.1,3.1,3.1,3.1,6.3
542,James Johnson,36,IND,PF,9,0,47,2.3,7.7,0.3,0,1.5,0,2.3,6.1,0.375,0.3,1.5,1.5,1,0.8,2.3,3.1,6.1,3.8,0.8,3.8,6.9,6.1
543,Jason Preston,24,UTA,PG,7,0,71,3,9.6,0.316,0,1.5,0,3,8.1,0.375,0.316,0,0,NA,3,5.6,8.6,8.1,1,0.5,1,1.5,6.1
544,Taj Gibson,38,2TM,PF,20,1,204,2.6,6.5,0.405,0.4,1.8,0.2,2.3,4.8,0.481,0.432,0.4,0.4,1,2.1,4.4,6.5,1.9,0.5,1.2,0.9,5.5,6
545,Usman Garuba,21,GSW,PF,6,0,18,2,12,0.167,0,2,0,2,10,0.2,0.167,2,4,0.5,6,8,14,2,2,6,4,4,6
546,Keyontae Johnson,23,OKC,SF,9,0,66,2.7,8.7,0.313,0.5,1.6,0.333,2.2,7.1,0.308,0.344,0,0,NA,2.2,3.3,5.5,2.2,0.5,0,2.2,2.7,6
547,Charlie Brown Jr.,26,NYK,SG,8,0,37,1.9,9.7,0.2,1.9,6.8,0.286,0,2.9,0,0.3,0,0,NA,1,1,1.9,0,0,1.9,1.9,4.9,5.8
548,Justin Minaya,24,POR,SF,34,1,381,2.1,7,0.297,1.1,4.6,0.245,0.9,2.4,0.4,0.378,0.5,0.9,0.556,2.8,2.5,5.3,2,0.9,0.9,0.9,3.3,5.8
549,Jericho Sims,25,NYK,C,45,11,585,2.3,3.4,0.691,0,0,NA,2.3,3.4,0.691,0.691,1,1.5,0.667,3.4,5.6,9,1.5,0.5,1.2,1,2.8,5.7
550,Gabe Vincent,27,LAL,PG,11,0,218,2.5,8.1,0.306,0.5,4.6,0.107,2,3.5,0.571,0.337,0.2,0.3,0.5,0.7,0.8,1.5,3.5,1.5,0,0.8,3.1,5.6
551,Pat Spencer,27,GSW,PG,6,0,26,2.8,5.5,0.5,0,2.8,0,2.8,2.8,1,0.5,0,0,NA,2.8,2.8,5.5,6.9,0,0,1.4,1.4,5.5
552,Ibou Badji,21,POR,C,22,1,226,2.2,3.5,0.636,0,0,NA,2.2,3.5,0.636,0.636,1,1.9,0.5,3.2,4.9,8.1,2.1,0.5,3.2,2.4,7.3,5.4
553,Juan Toscano-Anderson,30,SAC,SF,11,0,53,2,8.2,0.25,0.7,2.7,0.25,1.4,5.4,0.25,0.292,0,0,NA,2.7,6.8,9.5,2.7,0.7,0.7,1.4,7.5,4.8
554,R.J. Hampton,22,MIA,PG,8,2,76,1.9,6.6,0.286,0.5,3.8,0.125,1.4,2.8,0.5,0.321,0.5,0.9,0.5,0.9,1.9,2.8,3.8,0,0,1.4,3.8,4.7
555,Dariq Whitehead,19,BRK,SF,2,0,24,1.5,7.5,0.2,0,4.5,0,1.5,3,0.5,0.2,1.5,3,0.5,0,6,6,4.5,0,1.5,0,0,4.5
556,Frank Ntilikina,25,CHO,PG,5,0,43,0.8,7.5,0.111,0.8,6.7,0.125,0,0.8,0,0.167,1.7,1.7,1,0.8,4.2,5,3.3,0,0,0.8,3.3,4.2
557,Pete Nance,23,CLE,PF,8,0,27,1.3,8,0.167,1.3,1.3,1,0,6.7,0,0.25,0,2.7,0,0,4,4,0,1.3,0,1.3,2.7,4
558,Nathan Mensah,25,CHO,C,25,0,307,1.4,3.3,0.429,0,0,NA,1.4,3.3,0.429,0.429,1.1,1.4,0.75,3.4,4.2,7.6,1.1,0.7,1.6,1.6,7.5,3.9
559,P.J. Tucker,38,2TM,PF,31,10,486,1.3,3.7,0.36,1,2.6,0.371,0.4,1.1,0.333,0.49,0.2,0.2,1,2.1,4.2,6.3,1.2,1.2,0.5,0.6,4,3.9
560,Maxwell Lewis,21,LAL,SF,34,0,103,1.4,7.3,0.19,0.3,3.1,0.111,1,4.2,0.25,0.214,0.7,1,0.667,0.7,0.7,1.4,2.1,0.7,0.3,3.5,1.7,3.8
561,Timmy Allen,24,MEM,SF,5,0,125,1.7,6.6,0.261,0,2,0,1.7,4.6,0.375,0.261,0.3,0.6,0.5,1.2,3.7,4.9,1.4,1.2,0,0.6,5.2,3.7
562,Jack White,26,MEM,SF,4,0,64,1.1,9,0.125,1.1,5.6,0.2,0,3.4,0,0.188,0,0,NA,2.3,4.5,6.8,0.6,2.3,0.6,1.1,1.7,3.4
563,Ryan Arcidiacono,29,NYK,PG,20,0,45,0,4.8,0,0,4.8,0,0,0,NA,0,0,0,NA,0,6.4,6.4,3.2,1.6,0,1.6,4,0
564,Malcolm Cazalon,22,DET,SG,1,0,3,0,0,NA,0,0,NA,0,0,NA,NA,0,0,NA,0,0,0,0,0,0,0,0,0
565,Jalen Crutcher,24,NOP,PG,1,0,3,0,12,0,0,0,NA,0,12,0,0,0,0,NA,0,0,0,0,0,0,0,0,0
566,Andrew Funk,24,CHI,SG,5,0,13,0,11.1,0,0,8.3,0,0,2.8,0,0,0,0,NA,0,0,0,0,2.8,2.8,0,0,0
567,Kaiser Gates,27,NOP,SF,1,0,7,0,20.6,0,0,10.3,0,0,10.3,0,0,0,0,NA,0,5.1,5.1,0,0,0,0,0,0
568,Danny Green,36,PHI,SG,2,0,18,0,4,0,0,2,0,0,2,0,0,0,0,NA,0,4,4,2,2,0,0,2,0
569,Ron Harper Jr.,23,TOR,PF,1,0,4,0,0,NA,0,0,NA,0,0,NA,NA,0,0,NA,0,0,0,9,0,0,0,18,0
570,Justin Jackson,28,MIN,SF,2,0,1,0,0,NA,0,0,NA,0,0,NA,NA,0,0,NA,0,0,0,0,0,0,0,0,0
571,Dmytro Skapintsev,25,NYK,C,2,0,2,0,18,0,0,0,NA,0,18,0,0,0,0,NA,0,0,0,0,0,0,0,0,0
572,Javonte Smart,24,PHI,PG,1,0,1,0,0,NA,0,0,NA,0,0,NA,NA,0,0,NA,0,0,0,0,0,0,0,0,0
NA,League Average,NA,,,NA,NA,NA,NA,NA,0.474,NA,NA,0.366,NA,NA,0.545,0.547,NA,NA,0.784,NA,NA,NA,NA,NA,NA,NA,NA,NA
